# Blender 5.1.1
# www.blender.org
mtllib 零件 阀体.mtl
o Cube
v 1.000000 1.000000 -1.000000
v 1.000000 -1.000000 -1.000000
v 1.000000 1.000000 1.000000
v 1.000000 -1.000000 1.000000
v -1.000000 1.000000 -1.000000
v -1.000000 -1.000000 -1.000000
v -1.000000 1.000000 1.000000
v -1.000000 -1.000000 1.000000
vn -0.0000 1.0000 -0.0000
vn -0.0000 -0.0000 1.0000
vn -1.0000 -0.0000 -0.0000
vn -0.0000 -1.0000 -0.0000
vn 1.0000 -0.0000 -0.0000
vn -0.0000 -0.0000 -1.0000
vt 0.625000 0.500000
vt 0.875000 0.500000
vt 0.875000 0.750000
vt 0.625000 0.750000
vt 0.375000 0.750000
vt 0.625000 1.000000
vt 0.375000 1.000000
vt 0.375000 0.000000
vt 0.625000 0.000000
vt 0.625000 0.250000
vt 0.375000 0.250000
vt 0.125000 0.500000
vt 0.375000 0.500000
vt 0.125000 0.750000
s 0
usemtl Material
f 1/1/1 5/2/1 7/3/1 3/4/1
f 4/5/2 3/4/2 7/6/2 8/7/2
f 8/8/3 7/9/3 5/10/3 6/11/3
f 6/12/4 2/13/4 4/5/4 8/14/4
f 2/13/5 1/1/5 3/4/5 4/5/5
f 6/11/6 5/10/6 1/1/6 2/13/6
o 阀体
v 83.679390 33.690945 -13.057232
v 83.643181 35.000000 -13.000000
v 82.652473 0.000000 -11.542015
v 83.786224 32.395279 -13.227883
v 84.478027 28.661720 -14.404922
v 84.193390 29.869698 -13.904613
v 83.961426 31.107702 -13.513800
v 83.679688 36.314415 -13.057701
v 82.652473 87.000000 -11.542015
v 83.786224 37.604725 -13.227883
v 84.948181 87.000000 -15.288267
v 83.959648 38.881340 -13.510860
v 84.193390 40.130302 -13.904613
v 84.479637 41.344513 -14.407828
v 85.911743 24.397247 -17.389551
v 85.533600 25.358185 -16.509335
v 84.948181 0.000000 -15.288267
v 84.948181 27.036846 -15.288267
v 84.804230 27.500000 -15.009620
v 87.271454 21.408367 -21.654329
v 86.976845 22.009619 -20.500000
v 86.629578 0.000000 -19.347527
v 86.629578 22.747055 -19.347527
v 86.287552 23.509333 -18.358187
v 87.969620 20.056782 -26.696074
v 87.878586 20.227882 -25.395279
v 87.655273 0.000000 -23.619839
v 87.655273 20.653774 -23.619839
v 87.525986 20.904610 -22.869699
v 88.000000 20.000000 -28.000000
v 88.000000 0.000000 -28.000000
v 87.969536 20.056942 -29.305773
v 87.655273 0.000000 -32.380169
v 87.878586 20.227882 -30.604723
v 86.976845 22.009619 -35.500000
v 87.272682 21.405905 -34.340397
v 86.629578 0.000000 -36.652477
v 87.525528 20.905502 -33.132751
v 87.655273 20.653774 -32.380169
v 85.533600 25.358185 -39.490669
v 85.913910 24.391939 -38.605145
v 84.948181 0.000000 -40.711735
v 86.287552 23.509333 -37.641815
v 86.629578 22.747055 -36.652477
v 84.193390 40.130302 -42.095390
v 83.961037 38.889912 -42.486843
v 82.652473 87.000000 -44.457989
v 84.479103 41.342442 -41.593143
v 83.786224 37.604725 -42.772118
v 83.679352 36.308304 -42.942837
v 83.643181 35.000000 -43.000000
v 83.786224 32.395279 -42.772118
v 83.679291 33.692711 -42.942924
v 82.652473 0.000000 -44.457989
v 83.960213 31.115202 -42.488216
v 84.193390 29.869698 -42.095390
v 84.480339 28.652788 -41.590916
v 84.804642 27.498644 -40.989597
v 84.948181 27.036846 -40.711735
v 85.912720 45.605145 -38.608059
v 85.533600 44.641815 -39.490669
v 84.948181 87.000000 -40.711735
v 84.948181 42.963154 -40.711735
v 84.804230 42.500000 -40.990383
v 87.271217 48.591148 -34.346710
v 86.976845 47.990383 -35.500000
v 86.629578 87.000000 -36.652477
v 86.629578 47.252945 -36.652477
v 86.287552 46.490665 -37.641815
v 87.969200 49.942425 -29.312981
v 87.878586 49.772118 -30.604723
v 87.655273 87.000000 -32.380169
v 87.655273 49.346222 -32.380169
v 87.525986 49.095390 -33.130302
v 88.000000 50.000000 -28.000000
v 88.000000 87.000000 -28.000000
v 87.969299 49.942616 -26.689207
v 87.655273 87.000000 -23.619839
v 87.878586 49.772118 -25.395279
v 86.976845 47.990383 -20.500000
v 87.271721 48.592155 -21.655447
v 86.629578 87.000000 -19.347527
v 87.525528 49.094494 -22.867243
v 87.655273 49.346222 -23.619839
v 84.804642 42.501362 -15.010406
v 84.948181 42.963154 -15.288267
v 85.533600 44.641815 -16.509335
v 85.912865 45.605488 -17.392288
v 86.287552 46.490665 -18.358187
v 86.629578 47.252945 -19.347527
v 79.798988 87.000000 -8.201011
v 79.798988 0.000000 -8.201011
v 76.457985 87.000000 -5.347528
v 76.457985 0.000000 -5.347528
v 72.711731 87.000000 -3.051817
v 72.711731 0.000000 -3.051817
v 68.652473 87.000000 -1.370419
v 68.652473 0.000000 -1.370419
v 64.380165 87.000000 -0.344727
v 64.380165 0.000000 -0.344727
v 60.000000 87.000000 0.000000
v 60.000000 0.000000 0.000000
v 79.798988 0.000000 -47.798992
v 79.798988 87.000000 -47.798992
v 76.457985 0.000000 -50.652477
v 76.457985 87.000000 -50.652477
v 72.711731 0.000000 -52.948185
v 72.711731 87.000000 -52.948185
v 68.652473 0.000000 -54.629585
v 68.652473 87.000000 -54.629585
v 64.380165 0.000000 -55.655273
v 64.380165 87.000000 -55.655273
v 60.000000 0.000000 -56.000000
v 60.000000 87.000000 -56.000000
v 7.999998 108.000000 -19.000002
v 31.999998 108.000000 -19.000002
v 7.999998 108.000000 -21.000002
v 31.999998 108.000000 -21.000002
v 31.999998 120.000000 -19.000002
v 31.999998 120.000000 -13.000000
v 31.999998 105.000000 -13.000000
v 31.999998 105.000000 -21.000002
v 7.999998 92.000000 -21.000002
v 7.999998 92.000000 -13.000000
v 7.999998 120.000000 -19.000002
v 7.999998 120.000000 -13.000000
v 31.999998 108.000000 -37.000004
v 7.999998 108.000000 -37.000004
v 31.999998 108.000000 -35.000004
v 7.999998 108.000000 -35.000004
v 31.999998 92.000000 -43.000000
v 31.999998 105.000000 -43.000000
v 31.999998 105.000000 -56.000000
v 31.999998 90.000000 -11.000000
v 31.999998 90.000000 -8.000001
v 31.999998 92.000000 -13.000000
v 31.999998 66.527039 -8.303847
v 31.999998 63.159599 -9.206150
v 31.999998 0.000000 0.000000
v 31.999998 15.000000 -30.000002
v 31.999998 0.000000 -56.000000
v 31.999998 15.000000 -26.000002
v 31.999998 90.467911 -12.285575
v 31.999998 90.267952 -12.000002
v 31.999998 51.206150 -34.840405
v 31.999998 52.679489 -38.000004
v 31.999998 54.679111 -40.855755
v 31.999998 91.315964 -12.879387
v 31.999998 91.000000 -12.732051
v 31.999998 90.714424 -12.532089
v 31.999998 50.303848 -31.472965
v 31.999998 50.100250 -30.000002
v 31.999998 57.144245 -43.320892
v 31.999998 60.000000 -45.320511
v 31.999998 63.159599 -46.793854
v 31.999998 90.120613 -11.684041
v 31.999998 90.030388 -11.347298
v 31.999998 70.000000 -8.000001
v 31.999998 105.000000 0.000000
v 31.999998 60.000000 -10.679495
v 31.999998 57.144245 -12.679111
v 31.999998 54.679111 -15.144251
v 31.999998 90.267952 -44.000000
v 31.999998 90.120613 -44.315960
v 31.999998 90.030388 -44.652706
v 31.999998 91.652710 -12.969617
v 31.999998 52.679489 -18.000004
v 31.999998 51.206150 -21.159601
v 31.999998 50.303848 -24.527039
v 31.999998 50.100250 -26.000002
v 31.999998 66.527039 -47.696156
v 31.999998 70.000000 -48.000000
v 31.999998 90.000000 -48.000000
v 31.999998 90.000000 -45.000000
v 31.999998 90.467911 -43.714428
v 31.999998 90.714424 -43.467915
v 31.999998 91.652710 -43.030384
v 31.999998 91.000000 -43.267952
v 31.999998 91.315964 -43.120617
v 5.999997 90.000000 -45.000000
v 0.000000 90.000000 -48.000000
v 5.999997 90.000000 -33.000000
v 0.000000 90.000000 -8.000001
v 5.999997 90.000000 -11.000000
v 5.999997 90.000000 -23.000002
v 31.999998 90.000000 -23.000002
v 31.999998 90.000000 -33.000000
v 60.000000 105.000000 -56.000000
v 60.000000 105.000000 0.000000
v 55.724747 105.000000 -39.746159
v 53.750000 105.000000 -38.825321
v 51.965153 105.000000 -37.575558
v 61.840000 105.000000 -50.926285
v 60.000000 105.000000 -40.500004
v 62.170601 105.000000 -40.310097
v 61.513489 105.000000 -50.979950
v 61.200294 105.000000 -51.086712
v 60.908993 105.000000 -51.243656
v 60.647552 105.000000 -51.446480
v 57.829395 105.000000 -40.310097
v 53.750000 105.000000 -17.174683
v 55.724747 105.000000 -16.253843
v 57.829395 105.000000 -15.689906
v 60.000000 105.000000 -3.080130
v 60.000000 105.000000 -15.500002
v 60.027370 105.000000 -3.409885
v 60.108738 105.000000 -3.730618
v 60.241875 105.000000 -4.033543
v 60.423130 105.000000 -4.310369
v 60.647552 105.000000 -4.553523
v 60.908993 105.000000 -4.756346
v 61.200294 105.000000 -4.913289
v 60.423130 105.000000 -51.689632
v 60.241875 105.000000 -51.966461
v 60.108738 105.000000 -52.269386
v 60.027370 105.000000 -52.590118
v 60.000000 105.000000 -52.919872
v 61.513489 105.000000 -5.020056
v 61.840000 105.000000 -5.073719
v 62.170601 105.000000 -15.689906
v 65.594864 105.000000 -5.690865
v 64.275253 105.000000 -16.253843
v 69.196579 105.000000 -6.918661
v 66.250000 105.000000 -17.174683
v 72.546570 105.000000 -8.723497
v 68.034843 105.000000 -18.424448
v 75.553131 105.000000 -11.055972
v 69.575554 105.000000 -19.965157
v 78.133972 105.000000 -13.852242
v 70.825317 105.000000 -21.750004
v 80.218445 105.000000 -17.035767
v 71.746155 105.000000 -23.724751
v 81.749496 105.000000 -20.519405
v 72.310097 105.000000 -25.829399
v 82.685219 105.000000 -24.207804
v 72.500000 105.000000 -28.000000
v 83.000000 105.000000 -28.000000
v 72.310097 105.000000 -30.170605
v 82.685219 105.000000 -31.792202
v 71.746155 105.000000 -32.275253
v 81.749496 105.000000 -35.480598
v 70.825317 105.000000 -34.250004
v 80.218445 105.000000 -38.964237
v 69.575554 105.000000 -36.034847
v 78.133972 105.000000 -42.147762
v 68.034843 105.000000 -37.575558
v 75.553131 105.000000 -44.944031
v 66.250000 105.000000 -38.825321
v 72.546570 105.000000 -47.276505
v 64.275253 105.000000 -39.746159
v 69.196579 105.000000 -49.081341
v 65.594864 105.000000 -50.309135
v 47.689903 105.000000 -25.829399
v 31.999998 105.000000 -35.000004
v 47.500000 105.000000 -28.000000
v 47.689903 105.000000 -30.170605
v 48.253841 105.000000 -32.275253
v 49.174683 105.000000 -34.250004
v 50.424442 105.000000 -36.034847
v 51.965153 105.000000 -18.424448
v 50.424442 105.000000 -19.965157
v 49.174683 105.000000 -21.750004
v 48.253841 105.000000 -23.724751
v 72.212967 0.000000 -42.554848
v 47.787033 0.000000 -13.445158
v 50.500000 0.000000 -11.545520
v 53.501617 0.000000 -10.145844
v 42.145840 0.000000 -21.501619
v 43.545517 0.000000 -18.500000
v 45.445156 0.000000 -15.787039
v 74.554840 0.000000 -15.787039
v 72.212967 0.000000 -13.445158
v 69.500000 0.000000 -11.545520
v 66.498383 0.000000 -10.145844
v 63.299313 0.000000 -9.288653
v 60.000000 0.000000 -9.000004
v 56.700684 0.000000 -9.288653
v 74.554840 0.000000 -40.212967
v 76.454483 0.000000 -37.500000
v 77.854156 0.000000 -34.498383
v 78.711349 0.000000 -31.299316
v 79.000000 0.000000 -28.000000
v 78.711349 0.000000 -24.700686
v 77.854156 0.000000 -21.501619
v 76.454483 0.000000 -18.500000
v 69.500000 0.000000 -44.454483
v 66.498383 0.000000 -45.854160
v 63.299313 0.000000 -46.711349
v 50.500000 0.000000 -44.454483
v 47.787033 0.000000 -42.554848
v 60.000000 0.000000 -47.000004
v 56.700684 0.000000 -46.711349
v 53.501617 0.000000 -45.854160
v 45.445156 0.000000 -40.212967
v 43.545517 0.000000 -37.500000
v 42.145840 0.000000 -34.498383
v 41.288651 0.000000 -31.299316
v 41.000000 0.000000 -28.000000
v 41.288651 0.000000 -24.700686
v 118.000000 49.772118 -25.395279
v 118.000000 37.604725 -13.227883
v 118.000000 35.000000 -13.000000
v 118.000000 40.130302 -13.904613
v 118.000000 42.500000 -15.009620
v 118.000000 44.641815 -16.509335
v 118.000000 46.490665 -18.358187
v 118.000000 47.990383 -20.500000
v 118.000000 49.095390 -22.869699
v 118.000000 50.000000 -28.000000
v 118.000000 49.772118 -30.604723
v 118.000000 49.095390 -33.130302
v 118.000000 47.990383 -35.500000
v 118.000000 46.490665 -37.641815
v 118.000000 44.641815 -39.490669
v 118.000000 42.500000 -40.990383
v 118.000000 40.130302 -42.095390
v 118.000000 37.604725 -42.772118
v 118.000000 35.000000 -43.000000
v 118.000000 32.395279 -42.772118
v 118.000000 29.869698 -42.095390
v 118.000000 27.500000 -40.990383
v 118.000000 25.358185 -39.490669
v 118.000000 23.509333 -37.641815
v 118.000000 22.009619 -35.500000
v 118.000000 20.904610 -33.130302
v 118.000000 20.227882 -30.604723
v 118.000000 20.227882 -25.395279
v 118.000000 20.000000 -28.000000
v 118.000000 20.904610 -22.869699
v 118.000000 22.009619 -20.500000
v 118.000000 23.509333 -18.358187
v 118.000000 25.358185 -16.509335
v 118.000000 27.500000 -15.009620
v 118.000000 29.869698 -13.904613
v 118.000000 32.395279 -13.227883
v 118.000000 27.490841 -26.675934
v 118.000000 27.375000 -28.000000
v 118.000000 27.490841 -29.324070
v 118.000000 27.834845 -30.607904
v 118.000000 28.396557 -31.812502
v 118.000000 29.158911 -32.901257
v 118.000000 30.098743 -33.841091
v 118.000000 31.187500 -34.603443
v 118.000000 32.392097 -35.165157
v 118.000000 33.675930 -35.509163
v 118.000000 35.000000 -35.625000
v 118.000000 36.324070 -35.509163
v 118.000000 37.607906 -35.165157
v 118.000000 38.812500 -34.603443
v 118.000000 39.901257 -33.841091
v 118.000000 40.841087 -32.901257
v 118.000000 41.603443 -31.812502
v 118.000000 42.165157 -30.607904
v 118.000000 42.509159 -29.324070
v 118.000000 42.625000 -28.000000
v 118.000000 42.509159 -26.675934
v 118.000000 42.165157 -25.392097
v 118.000000 41.603443 -24.187502
v 118.000000 40.841087 -23.098745
v 118.000000 39.901257 -22.158913
v 118.000000 38.812500 -21.396559
v 118.000000 37.607906 -20.834845
v 118.000000 36.324070 -20.490845
v 118.000000 35.000000 -20.375002
v 118.000000 33.675930 -20.490845
v 118.000000 32.392097 -20.834845
v 118.000000 31.187500 -21.396559
v 118.000000 30.098743 -22.158913
v 118.000000 29.158911 -23.098745
v 118.000000 28.396557 -24.187502
v 118.000000 27.834845 -25.392097
v 0.000000 70.000000 -48.000000
v 1.914069 50.100250 -26.000002
v 0.000000 50.303848 -24.527039
v 2.000000 50.000000 -28.000000
v 0.000000 50.000000 -28.000000
v 1.914069 50.100250 -30.000002
v 0.000000 50.303848 -31.472965
v 0.000000 51.206150 -34.840405
v 0.000000 52.679489 -38.000004
v 0.000000 54.679111 -40.855755
v 0.000000 57.144245 -43.320892
v 0.000000 60.000000 -45.320511
v 0.000000 63.159599 -46.793854
v 0.000000 66.527039 -47.696156
v 0.000000 51.206150 -21.159601
v 0.000000 52.679489 -18.000004
v 0.000000 54.679111 -15.144251
v 0.000000 57.144245 -12.679111
v 0.000000 60.000000 -10.679495
v 0.000000 63.159599 -9.206150
v 0.000000 66.527039 -8.303847
v 0.000000 70.000000 -8.000001
v 0.000000 74.901253 -33.841091
v 0.000000 75.841095 -32.901257
v 0.000000 76.603439 -31.812502
v 0.000000 77.165154 -30.607904
v 0.000000 77.165154 -25.392097
v 0.000000 76.603439 -24.187502
v 0.000000 75.841095 -23.098745
v 0.000000 72.607903 -20.834845
v 0.000000 73.812500 -21.396559
v 0.000000 74.901253 -22.158913
v 0.000000 70.000000 -35.625000
v 0.000000 68.675934 -35.509163
v 0.000000 67.392097 -35.165157
v 0.000000 66.187500 -34.603443
v 0.000000 65.098747 -33.841091
v 0.000000 64.158913 -32.901257
v 0.000000 63.396557 -31.812502
v 0.000000 62.834843 -30.607904
v 0.000000 62.490841 -29.324070
v 0.000000 62.375000 -28.000000
v 0.000000 62.490841 -26.675934
v 0.000000 62.834843 -25.392097
v 0.000000 63.396557 -24.187502
v 0.000000 64.158913 -23.098745
v 0.000000 65.098747 -22.158913
v 0.000000 66.187500 -21.396559
v 0.000000 67.392097 -20.834845
v 0.000000 68.675934 -20.490845
v 0.000000 70.000000 -20.375002
v 0.000000 71.324066 -20.490845
v 0.000000 71.324066 -35.509163
v 0.000000 72.607903 -35.165157
v 0.000000 73.812500 -34.603443
v 0.000000 77.509155 -29.324070
v 0.000000 77.625000 -28.000000
v 0.000000 77.509155 -26.675934
v 31.999998 120.000000 -37.000004
v 31.999998 120.000000 -43.000000
v 7.999998 120.000000 -43.000000
v 15.075959 119.131760 -43.000000
v 15.301537 118.289902 -43.000000
v 23.213938 116.169777 -43.000000
v 22.499998 115.669876 -43.000000
v 21.710098 115.301537 -43.000000
v 16.169775 116.786064 -43.000000
v 16.786060 116.169777 -43.000000
v 7.999998 92.000000 -43.000000
v 17.499998 115.669876 -43.000000
v 18.289898 115.301537 -43.000000
v 19.131758 115.075958 -43.000000
v 20.000000 115.000000 -43.000000
v 20.868238 115.075958 -43.000000
v 23.830219 116.786064 -43.000000
v 24.330124 117.500000 -43.000000
v 24.698462 118.289902 -43.000000
v 15.669871 117.500000 -43.000000
v 24.924036 119.131760 -43.000000
v 24.999998 120.000000 -43.000000
v 31.817692 122.083778 -43.000000
v 24.924036 120.868240 -43.000000
v 31.276310 124.104240 -43.000000
v 24.698462 121.710098 -43.000000
v 30.392303 126.000000 -43.000000
v 24.330124 122.500000 -43.000000
v 29.192532 127.713455 -43.000000
v 23.830219 123.213936 -43.000000
v 27.713451 129.192535 -43.000000
v 23.213938 123.830223 -43.000000
v 25.999996 130.392303 -43.000000
v 22.499998 124.330124 -43.000000
v 24.104240 131.276306 -43.000000
v 21.710098 124.698463 -43.000000
v 22.083778 131.817703 -43.000000
v 20.868238 124.924042 -43.000000
v 20.000000 132.000000 -43.000000
v 20.000000 125.000000 -43.000000
v 17.916222 131.817703 -43.000000
v 19.131758 124.924042 -43.000000
v 15.895758 131.276306 -43.000000
v 18.289898 124.698463 -43.000000
v 13.999998 130.392303 -43.000000
v 17.499998 124.330124 -43.000000
v 12.286548 129.192535 -43.000000
v 16.786060 123.830223 -43.000000
v 10.807466 127.713455 -43.000000
v 16.169775 123.213936 -43.000000
v 9.607695 126.000000 -43.000000
v 15.669871 122.500000 -43.000000
v 8.723687 124.104240 -43.000000
v 15.301537 121.710098 -43.000000
v 8.182306 122.083778 -43.000000
v 15.075959 120.868240 -43.000000
v 14.999997 120.000000 -43.000000
v 7.999998 120.000000 -37.000004
v 7.999998 92.000000 -35.000004
v 16.786060 116.169777 -13.000000
v 17.499998 115.669876 -13.000000
v 18.289898 115.301537 -13.000000
v 21.710098 115.301537 -13.000000
v 20.868238 115.075958 -13.000000
v 20.000000 115.000000 -13.000000
v 19.131758 115.075958 -13.000000
v 15.301537 118.289902 -13.000000
v 15.669871 117.500000 -13.000000
v 16.169775 116.786064 -13.000000
v 24.330124 117.500000 -13.000000
v 24.698462 118.289902 -13.000000
v 24.924036 119.131760 -13.000000
v 23.830219 116.786064 -13.000000
v 23.213938 116.169777 -13.000000
v 22.499998 115.669876 -13.000000
v 15.075959 119.131760 -13.000000
v 14.999997 120.000000 -13.000000
v 8.182306 122.083778 -13.000000
v 15.075959 120.868240 -13.000000
v 8.723687 124.104240 -13.000000
v 15.301537 121.710098 -13.000000
v 9.607695 126.000000 -13.000000
v 15.669871 122.500000 -13.000000
v 10.807466 127.713455 -13.000000
v 16.169775 123.213936 -13.000000
v 12.286548 129.192535 -13.000000
v 16.786060 123.830223 -13.000000
v 13.999998 130.392303 -13.000000
v 17.499998 124.330124 -13.000000
v 15.895758 131.276306 -13.000000
v 18.289898 124.698463 -13.000000
v 17.916222 131.817703 -13.000000
v 19.131758 124.924042 -13.000000
v 20.000000 132.000000 -13.000000
v 20.000000 125.000000 -13.000000
v 22.083778 131.817703 -13.000000
v 20.868238 124.924042 -13.000000
v 24.104240 131.276306 -13.000000
v 21.710098 124.698463 -13.000000
v 25.999996 130.392303 -13.000000
v 22.499998 124.330124 -13.000000
v 27.713451 129.192535 -13.000000
v 23.213938 123.830223 -13.000000
v 29.192532 127.713455 -13.000000
v 23.830219 123.213936 -13.000000
v 30.392303 126.000000 -13.000000
v 24.330124 122.500000 -13.000000
v 31.276310 124.104240 -13.000000
v 24.698462 121.710098 -13.000000
v 31.817692 122.083778 -13.000000
v 24.924036 120.868240 -13.000000
v 24.999998 120.000000 -13.000000
v 20.000000 115.000000 -19.000002
v 20.868238 115.075958 -19.000002
v 21.710098 115.301537 -19.000002
v 22.499998 115.669876 -19.000002
v 23.213938 116.169777 -19.000002
v 23.830219 116.786064 -19.000002
v 24.330124 117.500000 -19.000002
v 24.698462 118.289902 -19.000002
v 24.924036 119.131760 -19.000002
v 24.999998 120.000000 -19.000002
v 24.924036 120.868240 -19.000002
v 24.698462 121.710098 -19.000002
v 24.330124 122.500000 -19.000002
v 23.830219 123.213936 -19.000002
v 23.213938 123.830223 -19.000002
v 22.499998 124.330124 -19.000002
v 21.710098 124.698463 -19.000002
v 20.868238 124.924042 -19.000002
v 20.000000 125.000000 -19.000002
v 19.131758 124.924042 -19.000002
v 18.289898 124.698463 -19.000002
v 17.499998 124.330124 -19.000002
v 16.786060 123.830223 -19.000002
v 16.169775 123.213936 -19.000002
v 15.669871 122.500000 -19.000002
v 15.301537 121.710098 -19.000002
v 15.075959 120.868240 -19.000002
v 14.999997 120.000000 -19.000002
v 15.075959 119.131760 -19.000002
v 15.301537 118.289902 -19.000002
v 15.669871 117.500000 -19.000002
v 16.169775 116.786064 -19.000002
v 16.786060 116.169777 -19.000002
v 17.499998 115.669876 -19.000002
v 18.289898 115.301537 -19.000002
v 19.131758 115.075958 -19.000002
v 8.182306 122.083778 -19.000002
v 8.723687 124.104240 -19.000002
v 9.607695 126.000000 -19.000002
v 10.807466 127.713455 -19.000002
v 12.286548 129.192535 -19.000002
v 13.999998 130.392303 -19.000002
v 15.895758 131.276306 -19.000002
v 17.916222 131.817703 -19.000002
v 20.000000 132.000000 -19.000002
v 22.083778 131.817703 -19.000002
v 24.104240 131.276306 -19.000002
v 25.999996 130.392303 -19.000002
v 27.713451 129.192535 -19.000002
v 29.192532 127.713455 -19.000002
v 30.392303 126.000000 -19.000002
v 31.276310 124.104240 -19.000002
v 31.817692 122.083778 -19.000002
v 14.999997 120.000000 -37.000004
v 15.075959 120.868240 -37.000004
v 15.301537 121.710098 -37.000004
v 15.669871 122.500000 -37.000004
v 16.169775 123.213936 -37.000004
v 16.786060 123.830223 -37.000004
v 17.499998 124.330124 -37.000004
v 18.289898 124.698463 -37.000004
v 19.131758 124.924042 -37.000004
v 20.000000 125.000000 -37.000004
v 20.868238 124.924042 -37.000004
v 21.710098 124.698463 -37.000004
v 22.499998 124.330124 -37.000004
v 23.213938 123.830223 -37.000004
v 23.830219 123.213936 -37.000004
v 24.330124 122.500000 -37.000004
v 24.698462 121.710098 -37.000004
v 24.924036 120.868240 -37.000004
v 24.999998 120.000000 -37.000004
v 24.924036 119.131760 -37.000004
v 24.698462 118.289902 -37.000004
v 24.330124 117.500000 -37.000004
v 23.830219 116.786064 -37.000004
v 23.213938 116.169777 -37.000004
v 22.499998 115.669876 -37.000004
v 21.710098 115.301537 -37.000004
v 20.868238 115.075958 -37.000004
v 20.000000 115.000000 -37.000004
v 19.131758 115.075958 -37.000004
v 18.289898 115.301537 -37.000004
v 17.499998 115.669876 -37.000004
v 16.786060 116.169777 -37.000004
v 16.169775 116.786064 -37.000004
v 15.669871 117.500000 -37.000004
v 15.301537 118.289902 -37.000004
v 15.075959 119.131760 -37.000004
v 31.817692 122.083778 -37.000004
v 31.276310 124.104240 -37.000004
v 30.392303 126.000000 -37.000004
v 29.192532 127.713455 -37.000004
v 27.713451 129.192535 -37.000004
v 25.999996 130.392303 -37.000004
v 24.104240 131.276306 -37.000004
v 22.083778 131.817703 -37.000004
v 20.000000 132.000000 -37.000004
v 17.916222 131.817703 -37.000004
v 15.895758 131.276306 -37.000004
v 13.999998 130.392303 -37.000004
v 12.286548 129.192535 -37.000004
v 10.807466 127.713455 -37.000004
v 9.607695 126.000000 -37.000004
v 8.723687 124.104240 -37.000004
v 8.182306 122.083778 -37.000004
v 31.999998 92.000000 -21.000002
v 31.999998 92.000000 -35.000004
v 31.999998 90.467911 -34.285576
v 31.999998 90.267952 -34.000000
v 31.999998 90.030388 -22.652704
v 31.999998 90.120613 -22.315960
v 31.999998 90.267952 -22.000000
v 31.999998 90.714424 -21.467913
v 31.999998 91.000000 -21.267950
v 31.999998 91.315964 -21.120615
v 31.999998 90.120613 -33.684040
v 31.999998 90.030388 -33.347298
v 31.999998 90.467911 -21.714426
v 31.999998 91.652710 -21.030386
v 31.999998 91.652710 -34.969616
v 31.999998 91.315964 -34.879387
v 31.999998 91.000000 -34.732052
v 31.999998 90.714424 -34.532089
v 20.000000 70.000000 -20.500000
v 51.190487 71.267868 -20.607944
v 51.258820 70.638901 -20.527266
v 51.185429 71.302567 -20.613979
v 20.000000 71.302361 -20.613943
v 51.067307 71.947563 -20.757280
v 20.000000 72.565155 -20.952307
v 50.912643 72.565155 -20.952307
v 50.723450 73.170853 -21.203264
v 20.000000 73.750000 -21.504812
v 50.509872 73.750000 -21.504812
v 50.040707 74.815338 -22.250000
v 20.000000 74.820908 -22.254667
v 50.038017 74.820900 -22.254662
v 20.000000 75.745338 -23.179094
v 49.559269 75.745338 -23.179094
v 20.000000 76.495193 -24.250000
v 49.128899 76.494675 -24.249107
v 49.193535 76.385902 -24.066769
v 20.000000 77.047699 -25.434851
v 20.000000 77.386063 -26.697641
v 48.573982 77.386063 -26.697641
v 48.674709 77.229263 -26.003048
v 48.789738 77.047699 -25.434851
v 48.946289 76.795914 -24.827379
v 20.000000 77.386063 -29.302362
v 48.518475 77.471642 -28.651609
v 20.000000 77.500000 -28.000000
v 48.500000 77.500000 -28.000000
v 48.518475 77.471634 -27.348352
v 20.000000 77.047699 -30.565151
v 48.674709 77.229263 -29.996956
v 48.573982 77.386063 -29.302362
v 20.000000 76.495193 -31.750002
v 48.946255 76.795975 -31.172495
v 48.789738 77.047699 -30.565151
v 20.000000 73.750000 -34.495193
v 50.038013 74.820908 -33.745335
v 20.000000 74.820908 -33.745335
v 49.559269 75.745338 -32.820908
v 20.000000 75.745338 -32.820908
v 49.196274 76.381256 -31.940750
v 49.128590 76.495193 -31.750002
v 20.000000 72.565155 -35.047695
v 50.723267 73.171402 -34.796486
v 50.509872 73.750000 -34.495193
v 20.000000 71.302361 -35.386059
v 51.067535 71.946518 -35.243004
v 50.912643 72.565155 -35.047695
v 20.000000 70.000000 -35.500000
v 51.258884 70.638000 -35.472816
v 51.185455 71.302361 -35.386059
v 51.190487 68.732132 -35.392059
v 51.258724 69.359756 -35.472626
v 51.282200 70.000000 -35.500000
v 51.185429 68.697449 -35.386024
v 20.000000 68.697639 -35.386059
v 51.068394 68.057434 -35.244064
v 20.000000 67.434845 -35.047695
v 50.912643 67.434845 -35.047695
v 50.722260 66.825661 -34.795116
v 20.000000 66.250000 -34.495193
v 50.509872 66.250000 -34.495193
v 50.040707 65.184662 -33.750000
v 20.000000 65.179092 -33.745335
v 50.038017 65.179100 -33.745342
v 20.000000 64.254662 -32.820908
v 49.559269 64.254662 -32.820908
v 20.000000 63.504807 -31.750002
v 49.128899 63.505329 -31.750896
v 49.193535 63.614101 -31.933233
v 20.000000 62.952301 -30.565151
v 20.000000 62.613941 -29.302362
v 48.573982 62.613941 -29.302362
v 48.674709 62.770741 -29.996956
v 48.789738 62.952301 -30.565151
v 48.946423 63.204296 -31.173080
v 20.000000 62.613941 -26.697641
v 48.518784 62.528835 -27.342949
v 20.000000 62.500000 -28.000000
v 48.500000 62.500000 -28.000000
v 48.518806 62.528870 -28.657450
v 20.000000 62.952301 -25.434851
v 48.674709 62.770741 -26.003048
v 48.573982 62.613941 -26.697641
v 20.000000 63.504807 -24.250000
v 48.946815 63.204937 -24.825546
v 48.789738 62.952301 -25.434851
v 20.000000 66.250000 -21.504812
v 50.038013 65.179092 -22.254667
v 20.000000 65.179092 -22.254667
v 49.559269 64.254662 -23.179094
v 20.000000 64.254662 -23.179094
v 49.196274 63.618740 -24.059252
v 49.128590 63.504807 -24.250000
v 20.000000 67.434845 -20.952307
v 50.722816 66.827286 -21.204132
v 50.509872 66.250000 -21.504812
v 20.000000 68.697639 -20.613943
v 51.068413 68.057526 -20.755917
v 50.912643 67.434845 -20.952307
v 51.282200 70.000000 -20.500000
v 51.258698 69.359421 -20.527407
v 51.185455 68.697639 -20.613943
v 65.000000 80.000000 -28.000000
v 65.000000 85.535896 -28.000000
v 64.924034 80.000000 -28.868242
v 64.924034 85.535896 -28.868242
v 64.698463 80.000000 -29.710102
v 64.698463 85.535896 -29.710102
v 64.330124 80.000000 -30.500002
v 64.330124 85.535896 -30.500002
v 63.830219 80.000000 -31.213940
v 63.830219 85.535896 -31.213940
v 63.213936 80.000000 -31.830223
v 63.213936 85.535896 -31.830223
v 62.500000 80.000000 -32.330128
v 62.500000 85.535896 -32.330128
v 61.710098 80.000000 -32.698467
v 61.710098 85.535896 -32.698467
v 60.868240 80.000000 -32.924042
v 60.868240 85.535896 -32.924042
v 60.000000 80.000000 -33.000000
v 60.000000 85.535896 -33.000000
v 59.131760 80.000000 -32.924042
v 59.131760 85.535896 -32.924042
v 58.289898 80.000000 -32.698467
v 58.289898 85.535896 -32.698467
v 57.500000 80.000000 -32.330128
v 57.500000 85.535896 -32.330128
v 56.786060 80.000000 -31.830223
v 56.786060 85.535896 -31.830223
v 56.169777 80.000000 -31.213940
v 56.169777 85.535896 -31.213940
v 55.669872 80.000000 -30.500002
v 55.669872 85.535896 -30.500002
v 55.301537 80.000000 -29.710102
v 55.301537 85.535896 -29.710102
v 55.075958 80.000000 -28.868242
v 55.075958 85.535896 -28.868242
v 55.000000 80.000000 -28.000000
v 55.000000 85.535896 -28.000000
v 55.075958 80.000000 -27.131760
v 55.075958 85.535896 -27.131760
v 55.301537 80.000000 -26.289900
v 55.301537 85.535896 -26.289900
v 55.669872 80.000000 -25.500002
v 55.669872 85.535896 -25.500002
v 56.169777 80.000000 -24.786064
v 56.169777 85.535896 -24.786064
v 56.786060 80.000000 -24.169781
v 56.786060 85.535896 -24.169781
v 57.500000 80.000000 -23.669876
v 57.500000 85.535896 -23.669876
v 58.289898 80.000000 -23.301538
v 58.289898 85.535896 -23.301538
v 59.131760 80.000000 -23.075964
v 59.131760 85.535896 -23.075964
v 60.000000 80.000000 -23.000002
v 60.000000 85.535896 -23.000002
v 60.868240 80.000000 -23.075964
v 60.868240 85.535896 -23.075964
v 61.710098 80.000000 -23.301538
v 61.710098 85.535896 -23.301538
v 62.500000 80.000000 -23.669876
v 62.500000 85.535896 -23.669876
v 63.213936 80.000000 -24.169781
v 63.213936 85.535896 -24.169781
v 63.830219 80.000000 -24.786064
v 63.830219 85.535896 -24.786064
v 64.330124 80.000000 -25.500002
v 64.330124 85.535896 -25.500002
v 64.698463 80.000000 -26.289900
v 64.698463 85.535896 -26.289900
v 64.924034 80.000000 -27.131760
v 64.924034 85.535896 -27.131760
v 54.250000 80.000000 -37.959293
v 56.066769 80.000000 -38.806465
v 58.003044 80.000000 -39.325291
v 60.000000 80.000000 -39.500000
v 61.996952 80.000000 -39.325291
v 63.933231 80.000000 -38.806465
v 65.750000 80.000000 -37.959293
v 67.392059 80.000000 -36.809513
v 68.809509 80.000000 -35.392059
v 69.959290 80.000000 -33.750000
v 70.806465 80.000000 -31.933233
v 71.325287 80.000000 -29.996956
v 71.500000 80.000000 -28.000000
v 71.325287 80.000000 -26.003048
v 70.806465 80.000000 -24.066769
v 69.959290 80.000000 -22.250000
v 68.809509 80.000000 -20.607944
v 67.392059 80.000000 -19.190491
v 65.750000 80.000000 -18.040709
v 63.933231 80.000000 -17.193537
v 61.996952 80.000000 -16.674713
v 60.000000 80.000000 -16.500000
v 58.003044 80.000000 -16.674713
v 56.066769 80.000000 -17.193537
v 54.250000 80.000000 -18.040709
v 52.607941 80.000000 -19.190491
v 51.190487 80.000000 -20.607944
v 50.040707 80.000000 -22.250000
v 49.193535 80.000000 -24.066769
v 48.674709 80.000000 -26.003048
v 48.500000 80.000000 -28.000000
v 48.674709 80.000000 -29.996956
v 49.193535 80.000000 -31.933233
v 50.040707 80.000000 -33.750000
v 51.190487 80.000000 -35.392059
v 52.607941 80.000000 -36.809513
v 48.674709 60.500000 -26.003048
v 52.607941 60.500000 -19.190491
v 51.190487 60.500000 -20.607944
v 50.040707 60.500000 -22.250000
v 49.193535 60.500000 -24.066769
v 48.500000 60.500000 -28.000000
v 48.674709 60.500000 -29.996956
v 49.193535 60.500000 -31.933233
v 50.040707 60.500000 -33.750000
v 51.190487 60.500000 -35.392059
v 52.607941 60.500000 -36.809513
v 54.250000 60.500000 -37.959293
v 56.066769 60.500000 -38.806465
v 58.003044 60.500000 -39.325291
v 60.000000 60.500000 -39.500000
v 61.996952 60.500000 -39.325291
v 63.933231 60.500000 -38.806465
v 65.750000 60.500000 -37.959293
v 67.392059 60.500000 -36.809513
v 68.809509 60.500000 -35.392059
v 69.959290 60.500000 -33.750000
v 70.806465 60.500000 -31.933233
v 71.325287 60.500000 -29.996956
v 71.500000 60.500000 -28.000000
v 71.325287 60.500000 -26.003048
v 70.806465 60.500000 -24.066769
v 69.959290 60.500000 -22.250000
v 68.809509 60.500000 -20.607944
v 67.392059 60.500000 -19.190491
v 65.750000 60.500000 -18.040709
v 63.933231 60.500000 -17.193537
v 61.996952 60.500000 -16.674713
v 60.000000 60.500000 -16.500000
v 58.003044 60.500000 -16.674713
v 56.066769 60.500000 -17.193537
v 54.250000 60.500000 -18.040709
v 70.832886 89.000000 -29.910131
v 70.336617 89.000000 -31.762224
v 69.526276 89.000000 -33.500000
v 68.426491 89.000000 -35.070663
v 67.070663 89.000000 -36.426491
v 65.500000 89.000000 -37.526283
v 63.762218 89.000000 -38.336620
v 61.910130 89.000000 -38.832886
v 60.000000 89.000000 -39.000000
v 58.089870 89.000000 -38.832886
v 56.237778 89.000000 -38.336620
v 54.500000 89.000000 -37.526283
v 52.929337 89.000000 -36.426491
v 51.573509 89.000000 -35.070663
v 50.473721 89.000000 -33.500000
v 49.663380 89.000000 -31.762224
v 49.167114 89.000000 -29.910131
v 49.000000 89.000000 -28.000000
v 49.167114 89.000000 -26.089870
v 49.663380 89.000000 -24.237782
v 50.473721 89.000000 -22.500000
v 51.573509 89.000000 -20.929337
v 52.929337 89.000000 -19.573513
v 54.500000 89.000000 -18.473722
v 56.237778 89.000000 -17.663382
v 58.089870 89.000000 -17.167118
v 60.000000 89.000000 -17.000000
v 61.910130 89.000000 -17.167118
v 63.762218 89.000000 -17.663382
v 65.500000 89.000000 -18.473722
v 67.070663 89.000000 -19.573513
v 68.426491 89.000000 -20.929337
v 69.526276 89.000000 -22.500000
v 70.336617 89.000000 -24.237782
v 70.832886 89.000000 -26.089870
v 71.000000 89.000000 -28.000000
v 71.000000 103.500000 -28.000000
v 70.832886 103.500000 -29.910131
v 70.336617 103.500000 -31.762224
v 69.526276 103.500000 -33.500000
v 68.426491 103.500000 -35.070663
v 67.070663 103.500000 -36.426491
v 65.500000 103.500000 -37.526283
v 63.762218 103.500000 -38.336620
v 61.910130 103.500000 -38.832886
v 60.000000 103.500000 -39.000000
v 58.089870 103.500000 -38.832886
v 56.237778 103.500000 -38.336620
v 54.500000 103.500000 -37.526283
v 52.929337 103.500000 -36.426491
v 51.573509 103.500000 -35.070663
v 50.473721 103.500000 -33.500000
v 49.663380 103.500000 -31.762224
v 49.167114 103.500000 -29.910131
v 49.000000 103.500000 -28.000000
v 49.167114 103.500000 -26.089870
v 49.663380 103.500000 -24.237782
v 50.473721 103.500000 -22.500000
v 51.573509 103.500000 -20.929337
v 52.929337 103.500000 -19.573513
v 54.500000 103.500000 -18.473722
v 56.237778 103.500000 -17.663382
v 58.089870 103.500000 -17.167118
v 60.000000 103.500000 -17.000000
v 61.910130 103.500000 -17.167118
v 63.762218 103.500000 -17.663382
v 65.500000 103.500000 -18.473722
v 67.070663 103.500000 -19.573513
v 68.426491 103.500000 -20.929337
v 69.526276 103.500000 -22.500000
v 70.336617 103.500000 -24.237782
v 70.832886 103.500000 -26.089870
v 43.258266 55.000000 -30.952021
v 44.025223 55.000000 -33.814346
v 45.277565 55.000000 -36.500000
v 46.977242 55.000000 -38.927391
v 49.072609 55.000000 -41.022758
v 51.500000 55.000000 -42.722435
v 54.185658 55.000000 -43.974777
v 57.047981 55.000000 -44.741734
v 60.000000 55.000000 -45.000000
v 62.952019 55.000000 -44.741734
v 65.814339 55.000000 -43.974777
v 68.500000 55.000000 -42.722435
v 70.927391 55.000000 -41.022758
v 73.022751 55.000000 -38.927391
v 74.722427 55.000000 -36.500000
v 75.974777 55.000000 -33.814346
v 76.741730 55.000000 -30.952021
v 77.000000 55.000000 -28.000000
v 76.741730 55.000000 -25.047981
v 75.974777 55.000000 -22.185661
v 74.722427 55.000000 -19.500002
v 73.022751 55.000000 -17.072611
v 70.927391 55.000000 -14.977246
v 68.500000 55.000000 -13.277572
v 65.814339 55.000000 -12.025226
v 62.952019 55.000000 -11.258270
v 60.000000 55.000000 -11.000000
v 57.047981 55.000000 -11.258270
v 54.185658 55.000000 -12.025226
v 51.500000 55.000000 -13.277572
v 49.072609 55.000000 -14.977246
v 46.977242 55.000000 -17.072611
v 45.277565 55.000000 -19.500002
v 44.025223 55.000000 -22.185661
v 43.258266 55.000000 -25.047981
v 42.999996 55.000000 -28.000000
v 75.311630 33.697639 -35.386059
v 75.270294 34.342846 -35.471157
v 74.722427 2.000000 -36.500000
v 75.582382 31.828154 -34.796280
v 75.470291 32.434849 -35.047695
v 75.379257 33.057941 -35.244202
v 75.256142 35.000000 -35.500000
v 75.270271 35.656727 -35.471195
v 75.311630 36.302361 -35.386059
v 75.378975 36.939812 -35.244801
v 75.470291 37.565151 -35.047695
v 76.302109 29.254667 -32.820908
v 75.999725 30.179092 -33.745335
v 75.974777 2.000000 -33.814346
v 75.972206 30.271219 -33.821396
v 75.710266 31.250000 -34.495193
v 76.741730 2.000000 -30.952021
v 76.950035 27.613941 -29.302362
v 76.888412 27.756487 -29.944614
v 76.805229 27.952602 -30.565968
v 76.741730 28.105394 -30.952021
v 76.581238 28.504808 -31.750002
v 76.805351 27.952307 -25.434851
v 76.888496 27.756290 -26.056118
v 76.741730 2.000000 -25.047981
v 76.950035 27.613941 -26.697641
v 76.987518 27.528336 -27.348661
v 77.000000 2.000000 -28.000000
v 77.000000 27.500000 -28.000000
v 76.987495 27.528391 -28.651968
v 75.999725 30.179092 -22.254667
v 76.302109 29.254667 -23.179094
v 75.974777 2.000000 -22.185661
v 76.581238 28.504808 -24.250000
v 76.741730 28.105394 -25.047981
v 75.311630 36.302361 -20.613943
v 75.270088 35.652348 -20.528425
v 75.581848 38.169220 -21.202501
v 75.470291 37.565151 -20.952307
v 75.379700 36.945580 -20.756748
v 75.256142 35.000000 -20.500000
v 75.270042 34.348671 -20.528339
v 74.722427 2.000000 -19.500002
v 75.311630 33.697639 -20.613943
v 75.379395 33.056850 -20.756096
v 75.470291 32.434849 -20.952307
v 75.582230 31.828876 -21.203388
v 75.710266 31.250000 -21.504812
v 75.972206 30.271219 -22.178610
v 76.302109 40.745335 -23.179094
v 75.999725 39.820908 -22.254667
v 75.972206 39.728779 -22.178610
v 75.710266 38.750000 -21.504812
v 76.950035 42.386059 -26.697641
v 76.888802 42.244434 -26.058817
v 76.805229 42.047398 -25.434032
v 76.741730 41.894608 -25.047981
v 76.581238 41.495190 -24.250000
v 76.805351 42.047695 -30.565151
v 76.888680 42.244141 -29.942284
v 76.950035 42.386059 -29.302362
v 76.987396 42.471394 -28.654419
v 77.000000 42.500000 -28.000000
v 76.987366 42.471329 -27.344816
v 75.582405 38.171970 -34.796223
v 75.710266 38.750000 -34.495193
v 75.972206 39.728779 -33.821396
v 75.999725 39.820908 -33.745335
v 76.302109 40.745335 -32.820908
v 76.581238 41.495190 -31.750002
v 76.741730 41.894608 -30.952021
v 73.022751 2.000000 -17.072611
v 70.927391 2.000000 -14.977246
v 68.500000 2.000000 -13.277572
v 65.814339 2.000000 -12.025226
v 62.952019 2.000000 -11.258270
v 60.000000 2.000000 -11.000000
v 57.047981 2.000000 -11.258270
v 54.185658 2.000000 -12.025226
v 51.500000 2.000000 -13.277572
v 49.072609 2.000000 -14.977246
v 46.977242 2.000000 -17.072611
v 45.277565 2.000000 -19.500002
v 44.025223 2.000000 -22.185661
v 43.258266 2.000000 -25.047981
v 42.999996 2.000000 -28.000000
v 43.258266 2.000000 -30.952021
v 44.025223 2.000000 -33.814346
v 45.277565 2.000000 -36.500000
v 46.977242 2.000000 -38.927391
v 49.072609 2.000000 -41.022758
v 51.500000 2.000000 -42.722435
v 54.185658 2.000000 -43.974777
v 57.047981 2.000000 -44.741734
v 60.000000 2.000000 -45.000000
v 62.952019 2.000000 -44.741734
v 65.814339 2.000000 -43.974777
v 68.500000 2.000000 -42.722435
v 70.927391 2.000000 -41.022758
v 73.022751 2.000000 -38.927391
v 98.000000 42.386059 -29.302362
v 98.000000 36.302361 -35.386059
v 98.000000 35.000000 -35.500000
v 98.000000 37.565151 -35.047695
v 98.000000 38.750000 -34.495193
v 98.000000 39.820908 -33.745335
v 98.000000 40.745335 -32.820908
v 98.000000 41.495190 -31.750002
v 98.000000 42.047695 -30.565151
v 98.000000 42.500000 -28.000000
v 98.000000 42.386059 -26.697641
v 98.000000 42.047695 -25.434851
v 98.000000 41.495190 -24.250000
v 98.000000 40.745335 -23.179094
v 98.000000 39.820908 -22.254667
v 98.000000 38.750000 -21.504812
v 98.000000 37.565151 -20.952307
v 98.000000 36.302361 -20.613943
v 98.000000 35.000000 -20.500000
v 98.000000 33.697639 -20.613943
v 98.000000 32.434849 -20.952307
v 98.000000 31.250000 -21.504812
v 98.000000 30.179092 -22.254667
v 98.000000 29.254667 -23.179094
v 98.000000 28.504808 -24.250000
v 98.000000 27.952307 -25.434851
v 98.000000 27.613941 -26.697641
v 98.000000 27.613941 -29.302362
v 98.000000 27.500000 -28.000000
v 98.000000 27.952307 -30.565151
v 98.000000 30.179092 -33.745335
v 98.000000 29.254667 -32.820908
v 98.000000 28.504808 -31.750002
v 98.000000 31.250000 -34.495193
v 98.000000 32.434849 -35.047695
v 98.000000 33.697639 -35.386059
v 60.000000 87.001610 -3.080130
v 60.000000 87.000000 -3.000002
v 61.840000 89.000000 -50.926285
v 62.670135 89.000000 -50.844482
v 65.304161 89.000000 -50.380035
v 67.866463 89.000000 -49.612930
v 65.594864 89.000000 -50.309135
v 70.322380 89.000000 -48.553551
v 69.196579 89.000000 -49.081341
v 74.784111 89.000000 -45.619022
v 72.638702 89.000000 -47.216221
v 76.729591 89.000000 -43.783558
v 75.553131 89.000000 -44.944031
v 80.218445 89.000000 -38.964237
v 79.918587 89.000000 -39.500000
v 78.448830 89.000000 -41.734650
v 78.133972 89.000000 -42.147762
v 81.118973 89.000000 -37.109837
v 81.749496 89.000000 -35.480598
v 82.033760 89.000000 -34.596478
v 82.650581 89.000000 -31.993910
v 82.961082 89.000000 -29.337334
v 83.000000 89.000000 -28.000000
v 82.961082 89.000000 -26.662670
v 82.650581 89.000000 -24.006094
v 82.033760 89.000000 -21.403528
v 81.749496 89.000000 -20.519405
v 81.118973 89.000000 -18.890169
v 80.218445 89.000000 -17.035767
v 79.918587 89.000000 -16.500000
v 78.448830 89.000000 -14.265355
v 76.729591 89.000000 -12.216445
v 78.133972 89.000000 -13.852242
v 74.784111 89.000000 -10.380980
v 75.553131 89.000000 -11.055972
v 70.322380 89.000000 -7.446449
v 72.638702 89.000000 -8.783784
v 67.866463 89.000000 -6.387070
v 69.196579 89.000000 -6.918661
v 61.840000 89.000000 -5.073719
v 62.670135 89.000000 -5.155519
v 65.304161 89.000000 -5.619969
v 65.594864 89.000000 -5.690865
v 60.000000 87.000000 -53.000000
v 60.000000 87.001610 -52.919872
v 62.902321 87.000000 -3.169041
v 73.737724 87.000000 -7.112805
v 71.219978 87.000000 -5.659185
v 68.550499 87.000000 -4.507687
v 65.765396 87.000000 -3.673881
v 62.902321 87.000000 -52.830959
v 65.765396 87.000000 -52.326122
v 68.550499 87.000000 -51.492317
v 71.219978 87.000000 -50.340816
v 73.737724 87.000000 -48.887196
v 76.069687 87.000000 -47.151112
v 78.184341 87.000000 -45.156044
v 80.053078 87.000000 -42.928967
v 84.957703 87.000000 -26.546381
v 84.620193 87.000000 -23.658796
v 83.949738 87.000000 -20.829920
v 82.955399 87.000000 -18.098007
v 81.650635 87.000000 -15.500002
v 80.053078 87.000000 -13.071038
v 78.184341 87.000000 -10.843963
v 76.069687 87.000000 -8.848890
v 81.650635 87.000000 -40.500004
v 82.955399 87.000000 -37.901997
v 83.949738 87.000000 -35.170082
v 84.620193 87.000000 -32.341206
v 84.957703 87.000000 -29.453623
v 60.013790 87.024895 -52.685394
v 60.070850 87.094543 -52.392250
v 60.054352 87.075172 -52.456776
v 60.027481 87.042595 -52.589447
v 60.017963 87.030434 -52.652420
v 60.225086 87.268440 -51.998093
v 60.242172 87.287346 -51.965912
v 60.259129 87.306068 -51.935310
v 60.157497 87.193176 -52.141933
v 60.109192 87.138649 -52.268066
v 60.093735 87.120987 -52.314766
v 60.634365 87.715195 -51.458694
v 60.443798 87.508324 -51.663593
v 60.423691 87.486404 -51.688919
v 60.407608 87.468857 -51.709797
v 61.195080 88.317917 -51.088997
v 60.998985 88.108040 -51.188408
v 60.900452 88.002205 -51.249249
v 60.664108 87.747375 -51.431454
v 61.833828 88.993546 -50.926788
v 61.510899 88.653679 -50.980598
v 61.371609 88.505959 -51.021156
v 62.724457 87.714424 -51.309231
v 62.701244 88.000000 -51.110622
v 62.684139 88.315956 -50.964283
v 62.673664 88.652702 -50.874664
v 60.013790 87.024895 -3.314610
v 60.093735 87.120987 -3.685236
v 60.070850 87.094543 -3.607754
v 62.862003 87.030380 -3.513992
v 60.054352 87.075172 -3.543228
v 60.027481 87.042595 -3.410555
v 60.017963 87.030434 -3.347583
v 60.157497 87.193176 -3.858071
v 60.109192 87.138649 -3.731936
v 62.822910 87.120613 -3.848459
v 60.407608 87.468857 -4.290208
v 60.259129 87.306068 -4.064694
v 62.786228 87.267952 -4.162282
v 60.242172 87.287346 -4.034091
v 60.225086 87.268440 -4.001912
v 60.443798 87.508324 -4.336413
v 60.423691 87.486404 -4.311085
v 62.753075 87.467911 -4.445925
v 60.634365 87.715195 -4.541307
v 60.900452 88.002205 -4.750755
v 60.664108 87.747375 -4.568551
v 62.724457 87.714424 -4.690774
v 61.195080 88.317917 -4.911005
v 60.998985 88.108040 -4.811596
v 62.701244 88.000000 -4.889384
v 61.510899 88.653679 -5.019404
v 61.371609 88.505959 -4.978847
v 62.684139 88.315956 -5.035721
v 61.833828 88.993546 -5.073216
v 62.673664 88.652702 -5.125340
v 62.753075 87.467911 -51.554077
v 62.786228 87.267952 -51.837723
v 62.822910 87.120613 -52.151546
v 62.862003 87.030380 -52.486012
v 65.311172 88.652702 -50.409599
v 67.876854 88.652702 -49.641483
v 70.336014 88.652702 -48.580704
v 72.655403 88.652702 -47.241608
v 74.803642 88.652702 -45.642300
v 76.751694 88.652702 -43.804409
v 78.473206 88.652702 -41.752792
v 79.944901 88.652702 -39.515194
v 81.146866 88.652702 -37.121872
v 82.062866 88.652702 -34.605190
v 82.680496 88.652702 -31.999186
v 82.991417 88.652702 -29.339100
v 82.991417 88.652702 -26.660904
v 82.680496 88.652702 -24.000816
v 82.062866 88.652702 -21.394812
v 81.146866 88.652702 -18.878132
v 79.944901 88.652702 -16.484808
v 78.473206 88.652702 -14.247209
v 76.751694 88.652702 -12.195595
v 74.803642 88.652702 -10.357704
v 72.655403 88.652702 -8.758396
v 70.336014 88.652702 -7.419299
v 67.876854 88.652702 -6.358519
v 65.311172 88.652702 -5.590405
v 65.331978 88.315956 -5.502608
v 67.907715 88.315956 -6.273732
v 70.376511 88.315956 -7.338665
v 72.704987 88.315956 -8.683011
v 74.861641 88.315956 -10.288585
v 76.817322 88.315956 -12.133673
v 78.545578 88.315956 -14.193326
v 80.023041 88.315956 -16.439695
v 81.229721 88.315956 -18.842396
v 82.149307 88.315956 -21.368937
v 82.769356 88.315956 -23.985147
v 83.081497 88.315956 -26.655657
v 83.081497 88.315956 -29.344347
v 82.769356 88.315956 -32.014854
v 82.149307 88.315956 -34.631069
v 81.229721 88.315956 -37.157612
v 80.023041 88.315956 -39.560310
v 78.545578 88.315956 -41.806675
v 76.817322 88.315956 -43.866329
v 74.861641 88.315956 -45.711422
v 72.704987 88.315956 -47.316994
v 70.376511 88.315956 -48.661339
v 67.907715 88.315956 -49.726273
v 65.331978 88.315956 -50.497398
v 65.365959 88.000000 -5.359243
v 67.958107 88.000000 -6.135281
v 70.442635 88.000000 -7.207003
v 72.785942 88.000000 -8.559913
v 74.956345 88.000000 -10.175720
v 76.924492 88.000000 -12.032565
v 78.663757 88.000000 -14.105346
v 80.150635 88.000000 -16.366028
v 81.365005 88.000000 -18.784039
v 82.290451 88.000000 -21.326679
v 82.914452 88.000000 -23.959566
v 83.228584 88.000000 -26.647091
v 83.228584 88.000000 -29.352913
v 82.914452 88.000000 -32.040440
v 82.290451 88.000000 -34.673325
v 81.365005 88.000000 -37.215965
v 80.150635 88.000000 -39.633976
v 78.663757 88.000000 -41.894657
v 76.924492 88.000000 -43.967438
v 74.956345 88.000000 -45.824284
v 72.785942 88.000000 -47.440090
v 70.442635 88.000000 -48.792999
v 67.958107 88.000000 -49.864723
v 65.365959 88.000000 -50.640762
v 65.412071 87.714424 -5.164672
v 68.026497 87.714424 -5.947378
v 70.532379 87.714424 -7.028312
v 72.895828 87.714424 -8.392848
v 75.084885 87.714424 -10.022540
v 77.069939 87.714424 -11.895344
v 78.824158 87.714424 -13.985935
v 80.323807 87.714424 -16.266048
v 81.548615 87.714424 -18.704836
v 82.482010 87.714424 -21.269329
v 83.111382 87.714424 -23.924843
v 83.428207 87.714424 -26.635464
v 83.428207 87.714424 -29.364540
v 83.111382 87.714424 -32.075161
v 82.482010 87.714424 -34.730675
v 81.548615 87.714424 -37.295166
v 80.323807 87.714424 -39.733959
v 78.824158 87.714424 -42.014065
v 77.069939 87.714424 -44.104660
v 75.084885 87.714424 -45.977467
v 72.895828 87.714424 -47.607155
v 70.532379 87.714424 -48.971691
v 68.026497 87.714424 -50.052624
v 65.412071 87.714424 -50.835331
v 65.468918 87.467911 -4.924804
v 68.110809 87.467911 -5.715732
v 70.643013 87.467911 -6.808016
v 73.031288 87.467911 -8.186888
v 75.243340 87.467911 -9.833697
v 77.249245 87.467911 -11.726174
v 79.021889 87.467911 -13.838731
v 80.537292 87.467911 -16.142790
v 81.774963 87.467911 -18.607199
v 82.718170 87.467911 -21.198627
v 83.354149 87.467911 -23.882034
v 83.674301 87.467911 -26.621132
v 83.674301 87.467911 -29.378872
v 83.354149 87.467911 -32.117970
v 82.718170 87.467911 -34.801376
v 81.774963 87.467911 -37.392807
v 80.537292 87.467911 -39.857216
v 79.021889 87.467911 -42.161274
v 77.249245 87.467911 -44.273827
v 75.243340 87.467911 -46.166306
v 73.031288 87.467911 -47.813114
v 70.643013 87.467911 -49.191986
v 68.110809 87.467911 -50.284271
v 65.468918 87.467911 -51.075199
v 65.534782 87.267952 -4.646924
v 68.208481 87.267952 -5.447380
v 70.771179 87.267952 -6.552819
v 73.188217 87.267952 -7.948294
v 75.426903 87.267952 -9.614933
v 77.456963 87.267952 -11.530202
v 79.250954 87.267952 -13.668195
v 80.784607 87.267952 -16.000002
v 82.037186 87.267952 -18.494089
v 82.991745 87.267952 -21.116722
v 83.635384 87.267952 -23.832443
v 83.959396 87.267952 -26.604527
v 83.959396 87.267952 -29.395477
v 83.635384 87.267952 -32.167557
v 82.991745 87.267952 -34.883278
v 82.037186 87.267952 -37.505917
v 80.784607 87.267952 -40.000000
v 79.250954 87.267952 -42.331810
v 77.456963 87.267952 -44.469799
v 75.426903 87.267952 -46.385067
v 73.188217 87.267952 -48.051708
v 70.771179 87.267952 -49.447186
v 68.208481 87.267952 -50.552624
v 65.534782 87.267952 -51.353077
v 65.607643 87.120613 -4.339483
v 68.316544 87.120613 -5.150475
v 70.912979 87.120613 -6.270468
v 73.361839 87.120613 -7.684313
v 75.629997 87.120613 -9.372897
v 77.686783 87.120613 -11.313379
v 79.504395 87.120613 -13.479516
v 81.058235 87.120613 -15.842020
v 82.327301 87.120613 -18.368940
v 83.294434 87.120613 -21.026104
v 83.946548 87.120613 -23.777578
v 84.274818 87.120613 -26.586155
v 84.274818 87.120613 -29.413849
v 83.946548 87.120613 -32.222424
v 83.294434 87.120613 -34.973896
v 82.327301 87.120613 -37.631062
v 81.058235 87.120613 -40.157982
v 79.504395 87.120613 -42.520485
v 77.686783 87.120613 -44.686626
v 75.629997 87.120613 -46.627110
v 73.361839 87.120613 -48.315689
v 70.912979 87.120613 -49.729538
v 68.316544 87.120613 -50.849529
v 65.607643 87.120613 -51.660522
v 65.685303 87.030380 -4.011814
v 68.431717 87.030380 -4.834037
v 71.064110 87.030380 -5.969539
v 73.546883 87.030380 -7.402967
v 75.846451 87.030380 -9.114936
v 77.931725 87.030380 -11.082292
v 79.774506 87.030380 -13.278428
v 81.349869 87.030380 -15.673649
v 82.636513 87.030380 -18.235565
v 83.617027 87.030380 -20.929527
v 84.278175 87.030380 -23.719107
v 84.610992 87.030380 -26.566574
v 84.610992 87.030380 -29.433430
v 84.278175 87.030380 -32.280899
v 83.617027 87.030380 -35.070477
v 82.636513 87.030380 -37.764439
v 81.349869 87.030380 -40.326355
v 79.774506 87.030380 -42.721577
v 77.931725 87.030380 -44.917713
v 75.846451 87.030380 -46.885067
v 73.546883 87.030380 -48.597034
v 71.064110 87.030380 -50.030464
v 68.431717 87.030380 -51.165966
v 65.685303 87.030380 -51.988190
v 7.992387 91.825684 -43.007614
v 7.969614 91.652710 -43.030384
v 7.931851 91.482361 -43.068150
v 7.879384 91.315964 -43.120617
v 7.812615 91.154762 -43.187386
v 7.732049 91.000000 -43.267952
v 7.638302 90.852852 -43.361698
v 7.532086 90.714424 -43.467915
v 7.285573 90.467911 -43.714428
v 6.999999 90.267952 -44.000000
v 6.684039 90.120613 -44.315960
v 6.347295 90.030388 -44.652706
v 7.992387 91.825684 -34.992390
v 7.969614 91.652710 -34.969616
v 7.931851 91.482361 -34.931854
v 7.879384 91.315964 -34.879387
v 7.812615 91.154762 -34.812618
v 7.732049 91.000000 -34.732052
v 7.638302 90.852852 -34.638306
v 7.532086 90.714424 -34.532089
v 7.285573 90.467911 -34.285576
v 6.999999 90.267952 -34.000000
v 6.684039 90.120613 -33.684040
v 6.347295 90.030388 -33.347298
v 6.347295 90.030388 -11.347298
v 6.684039 90.120613 -11.684041
v 6.999999 90.267952 -12.000002
v 7.285573 90.467911 -12.285575
v 7.532086 90.714424 -12.532089
v 7.879384 91.315964 -12.879387
v 7.812615 91.154762 -12.812618
v 7.732049 91.000000 -12.732051
v 7.638302 90.852852 -12.638305
v 7.992387 91.825684 -12.992390
v 7.969614 91.652710 -12.969617
v 7.931851 91.482361 -12.931853
v 7.812615 91.154762 -21.187387
v 7.732049 91.000000 -21.267950
v 6.347295 90.030388 -22.652704
v 6.684039 90.120613 -22.315960
v 6.999999 90.267952 -22.000000
v 7.285573 90.467911 -21.714426
v 7.532086 90.714424 -21.467913
v 7.638302 90.852852 -21.361698
v 7.879384 91.315964 -21.120615
v 7.992387 91.825684 -21.007612
v 7.969614 91.652710 -21.030386
v 7.931851 91.482361 -21.068148
v 98.000000 36.324070 -35.509163
v 98.000000 37.607906 -35.165157
v 98.000000 38.812500 -34.603443
v 98.000000 39.901257 -33.841091
v 98.000000 40.841087 -32.901257
v 98.000000 41.603443 -31.812502
v 98.000000 42.165157 -30.607904
v 98.000000 42.509159 -29.324070
v 98.000000 42.625000 -28.000000
v 98.000000 42.509159 -26.675934
v 98.000000 42.165157 -25.392097
v 98.000000 41.603443 -24.187502
v 98.000000 40.841087 -23.098745
v 98.000000 39.901257 -22.158913
v 98.000000 38.812500 -21.396559
v 98.000000 37.607906 -20.834845
v 98.000000 36.324070 -20.490845
v 98.000000 35.000000 -20.375002
v 98.000000 33.675930 -20.490845
v 98.000000 32.392097 -20.834845
v 98.000000 31.187500 -21.396559
v 98.000000 30.098743 -22.158913
v 98.000000 29.158911 -23.098745
v 98.000000 28.396557 -24.187502
v 98.000000 27.834845 -25.392097
v 98.000000 27.490841 -26.675934
v 98.000000 27.375000 -28.000000
v 98.000000 27.490841 -29.324070
v 98.000000 27.834845 -30.607904
v 98.000000 28.396557 -31.812502
v 98.000000 29.158911 -32.901257
v 98.000000 30.098743 -33.841091
v 98.000000 31.187500 -34.603443
v 98.000000 32.392097 -35.165157
v 98.000000 33.675930 -35.509163
v 98.000000 35.000000 -35.625000
v 20.000000 71.324066 -35.509163
v 20.000000 70.000000 -35.625000
v 20.000000 68.675934 -35.509163
v 20.000000 67.392097 -35.165157
v 20.000000 66.187500 -34.603443
v 20.000000 65.098747 -33.841091
v 20.000000 64.158913 -32.901257
v 20.000000 63.396557 -31.812502
v 20.000000 62.834843 -30.607904
v 20.000000 62.490841 -29.324070
v 20.000000 62.375000 -28.000000
v 20.000000 62.490841 -26.675934
v 20.000000 62.834843 -25.392097
v 20.000000 63.396557 -24.187502
v 20.000000 64.158913 -23.098745
v 20.000000 65.098747 -22.158913
v 20.000000 66.187500 -21.396559
v 20.000000 67.392097 -20.834845
v 20.000000 68.675934 -20.490845
v 20.000000 70.000000 -20.375002
v 20.000000 71.324066 -20.490845
v 20.000000 72.607903 -20.834845
v 20.000000 73.812500 -21.396559
v 20.000000 74.901253 -22.158913
v 20.000000 75.841095 -23.098745
v 20.000000 76.603439 -24.187502
v 20.000000 77.165154 -25.392097
v 20.000000 77.509155 -26.675934
v 20.000000 77.625000 -28.000000
v 20.000000 77.509155 -29.324070
v 20.000000 77.165154 -30.607904
v 20.000000 76.603439 -31.812502
v 20.000000 75.841095 -32.901257
v 20.000000 74.901253 -33.841091
v 20.000000 73.812500 -34.603443
v 20.000000 72.607903 -35.165157
vn 0.8363 -0.0008 0.5483
vn 0.8426 -0.0015 0.5386
vn 0.8642 -0.0048 0.5032
vn 0.8555 -0.0032 0.5178
vn 0.8483 -0.0021 0.5295
vn 0.8381 0.0007 0.5455
vn 0.8440 0.0011 0.5364
vn 0.8526 0.0017 0.5225
vn 0.8483 0.0021 0.5295
vn 0.8580 0.0013 0.5136
vn 0.8685 0.0006 0.4956
vn 0.9180 -0.0021 0.3966
vn 0.9017 -0.0000 0.4323
vn 0.8526 -0.0000 0.5225
vn 0.8818 -0.0096 0.4715
vn 0.8742 -0.0072 0.4854
vn 0.9687 -0.0023 0.2484
vn 0.9575 -0.0000 0.2885
vn 0.9239 -0.0000 0.3827
vn 0.9426 -0.0101 0.3337
vn 0.9306 -0.0052 0.3659
vn 0.9975 -0.0048 0.0704
vn 0.9922 -0.0000 0.1248
vn 0.9724 -0.0000 0.2334
vn 0.9847 -0.0129 0.1740
vn 0.9782 -0.0069 0.2077
vn 0.9996 -0.0120 0.0238
vn 0.9969 -0.0000 0.0785
vn 0.9997 -0.0000 -0.0233
vn 0.9969 -0.0036 -0.0785
vn 0.9975 -0.0048 -0.0705
vn 0.9687 -0.0023 -0.2483
vn 0.9782 -0.0070 -0.2077
vn 0.9724 -0.0024 -0.2334
vn 0.9855 -0.0000 -0.1699
vn 0.9922 -0.0000 -0.1248
vn 0.9180 -0.0021 -0.3966
vn 0.9307 -0.0053 -0.3658
vn 0.9239 -0.0027 -0.3827
vn 0.9451 -0.0000 -0.3267
vn 0.9575 -0.0000 -0.2885
vn 0.8569 0.0022 -0.5155
vn 0.8658 0.0032 -0.5004
vn 0.8496 0.0015 -0.5274
vn 0.8439 0.0011 -0.5364
vn 0.8381 0.0007 -0.5455
vn 0.8253 -0.0063 -0.5646
vn 0.8526 -0.0025 -0.5225
vn 0.8363 -0.0008 -0.5483
vn 0.8451 -0.0037 -0.5345
vn 0.8568 -0.0022 -0.5157
vn 0.8681 -0.0011 -0.4964
vn 0.8800 -0.0002 -0.4750
vn 0.8885 -0.0000 -0.4590
vn 0.9017 -0.0000 -0.4323
vn 0.9183 0.0013 -0.3958
vn 0.8526 -0.0000 -0.5225
vn 0.8841 0.0063 -0.4673
vn 0.8762 0.0048 -0.4819
vn 0.9688 0.0013 -0.2479
vn 0.9239 -0.0000 -0.3827
vn 0.9436 0.0061 -0.3309
vn 0.9313 0.0032 -0.3642
vn 0.9975 0.0026 -0.0703
vn 0.9724 -0.0000 -0.2334
vn 0.9850 0.0073 -0.1722
vn 0.9784 0.0039 -0.2066
vn 0.9997 0.0065 -0.0237
vn 0.9969 -0.0000 -0.0785
vn 0.9997 -0.0000 0.0234
vn 0.9969 0.0019 0.0785
vn 0.9975 0.0026 0.0703
vn 0.9688 0.0013 0.2479
vn 0.9784 0.0039 0.2066
vn 0.9724 0.0013 0.2334
vn 0.9855 -0.0000 0.1699
vn 0.8800 0.0001 0.4749
vn 0.8885 -0.0000 0.4590
vn 0.9183 0.0013 0.3959
vn 0.9313 0.0032 0.3642
vn 0.9239 0.0015 0.3827
vn 0.9451 -0.0000 0.3267
vn 0.8271 -0.0000 0.5620
vn 0.7604 -0.0000 0.6494
vn 0.6494 -0.0000 0.7604
vn 0.5225 -0.0000 0.8526
vn 0.3827 -0.0000 0.9239
vn 0.2334 -0.0000 0.9724
vn 0.0785 -0.0000 0.9969
vn 0.8271 -0.0000 -0.5620
vn 0.7604 -0.0000 -0.6494
vn 0.6494 -0.0000 -0.7604
vn 0.5225 -0.0000 -0.8526
vn 0.3827 -0.0000 -0.9239
vn 0.2334 -0.0000 -0.9724
vn 0.0785 -0.0000 -0.9969
vn -0.0000 1.0000 -0.0000
vn 1.0000 -0.0000 -0.0000
vn -1.0000 -0.0000 -0.0000
vn -0.0000 -0.0000 -1.0000
vn -0.0000 -0.0000 1.0000
vn -0.0001 1.0000 -0.0000
vn -0.0002 1.0000 -0.0000
vn 0.0001 1.0000 -0.0000
vn -0.0000 -1.0000 -0.0000
vn -0.0000 0.9914 0.1306
vn -0.0000 0.1308 0.9914
vn 0.0017 0.0872 0.9962
vn -0.0000 0.2164 0.9763
vn 0.0017 0.2588 0.9659
vn -0.0000 0.3007 0.9537
vn -0.0000 0.3829 0.9238
vn 0.0017 0.4226 0.9063
vn -0.0000 0.4620 0.8869
vn -0.0000 0.5156 0.8569
vn 0.0011 0.5736 0.8192
vn -0.0000 0.5882 0.8087
vn -0.0000 0.8192 0.5736
vn 0.0034 0.8418 0.5397
vn -0.0000 0.7921 0.6103
vn -0.0000 0.7071 0.7071
vn 0.0035 0.7366 0.6764
vn -0.0000 0.6756 0.7373
vn -0.0000 0.9659 0.2588
vn 0.0023 0.9723 0.2335
vn -0.0000 0.9484 0.3172
vn -0.0000 0.9063 0.4226
vn 0.0037 0.9235 0.3836
vn -0.0000 0.8869 0.4619
vn 0.0038 0.9990 0.0438
vn -0.0000 0.9962 0.0872
vn -0.0000 0.9990 -0.0438
vn 0.0019 0.9962 -0.0872
vn -0.0000 0.9914 -0.1307
vn -0.0000 0.9724 -0.2333
vn 0.0016 0.9659 -0.2588
vn -0.0000 0.9484 -0.3171
vn -0.0000 0.9238 -0.3829
vn 0.0019 0.9063 -0.4226
vn -0.0000 0.8869 -0.4620
vn -0.0000 0.8423 -0.5390
vn 0.0018 0.8192 -0.5736
vn -0.0000 0.7921 -0.6103
vn -0.0000 0.7372 -0.6756
vn 0.0018 0.7071 -0.7071
vn -0.0000 0.6755 -0.7373
vn -0.0000 0.5882 -0.8087
vn 0.0011 0.5736 -0.8192
vn -0.0000 0.5155 -0.8569
vn -0.0000 0.4619 -0.8870
vn 0.0017 0.4226 -0.9063
vn -0.0000 0.3828 -0.9238
vn -0.0000 0.3010 -0.9536
vn 0.0017 0.2588 -0.9659
vn -0.0000 0.2167 -0.9762
vn -0.0000 0.1306 -0.9914
vn 0.0017 0.0872 -0.9962
vn -0.0000 0.0436 -0.9990
vn -0.0000 -0.0436 -0.9990
vn 0.0017 -0.0872 -0.9962
vn -0.0000 -0.1305 -0.9914
vn -0.0000 -0.2165 -0.9763
vn 0.0017 -0.2588 -0.9659
vn -0.0000 -0.3008 -0.9537
vn -0.0000 -0.3829 -0.9238
vn 0.0017 -0.4226 -0.9063
vn -0.0000 -0.4621 -0.8868
vn -0.0000 -0.5156 -0.8569
vn 0.0011 -0.5736 -0.8192
vn -0.0000 -0.5882 -0.8087
vn -0.0000 -0.8192 -0.5736
vn 0.0034 -0.8418 -0.5397
vn -0.0000 -0.7921 -0.6103
vn -0.0000 -0.7071 -0.7071
vn 0.0035 -0.7366 -0.6763
vn -0.0000 -0.6756 -0.7372
vn -0.0000 -0.9659 -0.2588
vn 0.0023 -0.9723 -0.2335
vn -0.0000 -0.9484 -0.3172
vn -0.0000 -0.9063 -0.4226
vn 0.0037 -0.9236 -0.3835
vn -0.0000 -0.8870 -0.4618
vn 0.0019 -0.9962 0.0872
vn -0.0000 -0.9991 0.0435
vn -0.0000 -0.9962 -0.0872
vn 0.0038 -0.9990 -0.0437
vn -0.0000 -0.9915 -0.1305
vn 0.0016 -0.9659 0.2588
vn -0.0000 -0.9724 0.2333
vn -0.0000 -0.9915 0.1304
vn 0.0019 -0.9063 0.4226
vn -0.0000 -0.9238 0.3829
vn -0.0000 -0.9484 0.3171
vn 0.0018 -0.8192 0.5736
vn -0.0000 -0.8423 0.5390
vn -0.0000 -0.8869 0.4620
vn 0.0018 -0.7071 0.7071
vn -0.0000 -0.7372 0.6757
vn -0.0000 -0.7921 0.6103
vn 0.0011 -0.5736 0.8192
vn -0.0000 -0.5882 0.8087
vn -0.0000 -0.6755 0.7374
vn 0.0017 -0.4226 0.9063
vn -0.0000 -0.4617 0.8870
vn -0.0000 -0.5155 0.8569
vn 0.0017 -0.2588 0.9659
vn -0.0000 -0.3010 0.9536
vn -0.0000 -0.3827 0.9239
vn -0.0000 0.0439 0.9990
vn -0.0000 -0.0437 0.9990
vn 0.0017 -0.0872 0.9962
vn -0.0000 -0.1306 0.9914
vn -0.0000 -0.2168 0.9762
vn -0.0000 -0.9906 0.1369
vn -0.0699 -0.9965 0.0469
vn -0.0000 -0.9962 0.0872
vn -0.0000 -0.9987 -0.0501
vn -0.0389 -0.9954 -0.0871
vn -0.0000 -0.9906 -0.1369
vn -0.0000 -0.5736 -0.8192
vn -0.0000 -0.4226 -0.9063
vn -0.0000 -0.2588 -0.9659
vn -0.0000 -0.0872 -0.9962
vn -0.0000 -0.9659 0.2588
vn -0.0000 -0.9063 0.4226
vn -0.0000 -0.8192 0.5736
vn -0.0000 -0.7071 0.7071
vn -0.0000 -0.5736 0.8192
vn -0.0000 -0.4226 0.9063
vn -0.0000 -0.2588 0.9659
vn -0.0000 -0.0872 0.9962
vn -0.0871 0.9962 -0.0000
vn -0.0872 0.9962 -0.0000
vn -0.2588 0.9659 -0.0000
vn -0.4226 0.9063 -0.0000
vn -0.5736 0.8191 -0.0000
vn -0.5736 0.8192 -0.0000
vn -0.7071 0.7071 -0.0000
vn -0.8192 0.5736 -0.0000
vn -0.8191 0.5736 -0.0000
vn -0.9063 0.4226 -0.0000
vn -0.9659 0.2588 -0.0000
vn -0.9962 0.0872 -0.0000
vn -0.9962 -0.0872 -0.0000
vn -0.9659 -0.2588 -0.0000
vn -0.9063 -0.4226 -0.0000
vn -0.8191 -0.5736 -0.0000
vn -0.8192 -0.5736 -0.0000
vn -0.7071 -0.7071 -0.0000
vn -0.5736 -0.8192 -0.0000
vn -0.4226 -0.9063 -0.0000
vn -0.2588 -0.9659 -0.0000
vn -0.0871 -0.9962 -0.0000
vn -0.0872 -0.9962 -0.0000
vn 0.0872 -0.9962 -0.0000
vn 0.0871 -0.9962 -0.0000
vn 0.2588 -0.9659 -0.0000
vn 0.4226 -0.9063 -0.0000
vn 0.5736 -0.8192 -0.0000
vn 0.7071 -0.7071 -0.0000
vn 0.8192 -0.5736 -0.0000
vn 0.8191 -0.5736 -0.0000
vn 0.9063 -0.4226 -0.0000
vn 0.9659 -0.2588 -0.0000
vn 0.9962 -0.0872 -0.0000
vn 0.9962 0.0872 -0.0000
vn 0.9659 0.2588 -0.0000
vn 0.9063 0.4226 -0.0000
vn 0.8191 0.5736 -0.0000
vn 0.8192 0.5736 -0.0000
vn 0.7071 0.7071 -0.0000
vn 0.5736 0.8192 -0.0000
vn 0.5736 0.8191 -0.0000
vn 0.4226 0.9063 -0.0000
vn 0.2588 0.9659 -0.0000
vn 0.0872 0.9962 -0.0000
vn 0.0871 0.9962 -0.0000
vn 0.5736 -0.8191 -0.0000
vn -0.5736 -0.8191 -0.0000
vn -1.0000 -0.0000 -0.0001
vn -1.0000 -0.0000 0.0001
vn 0.0017 -0.1270 -0.9919
vn 0.0035 -0.1709 -0.9853
vn -0.0000 -0.2169 -0.9762
vn 0.0009 -0.2588 -0.9659
vn -0.0000 -0.3011 -0.9536
vn -0.0000 -0.3828 -0.9238
vn 0.0009 -0.4226 -0.9063
vn -0.0000 -0.4618 -0.8870
vn -0.0000 -0.5732 -0.8194
vn -0.0000 -0.6423 -0.7664
vn 0.0032 -0.8583 -0.5132
vn -0.0000 -0.8109 -0.5852
vn 0.0018 -0.9754 -0.2205
vn -0.0000 -0.9525 -0.3044
vn 0.0019 -0.9236 -0.3833
vn -0.0000 -0.8869 -0.4620
vn 0.0010 -0.9962 0.0872
vn 0.0020 -0.9990 -0.0435
vn -0.0000 -0.9915 -0.1304
vn 0.0010 -0.9659 0.2588
vn -0.0000 -0.9755 0.2202
vn 0.0010 -0.9063 0.4226
vn -0.0000 -0.9525 0.3044
vn -0.0000 -0.8106 0.5856
vn 0.0006 -0.8192 0.5736
vn -0.0000 -0.8585 0.5128
vn -0.0000 -0.8869 0.4619
vn 0.0009 -0.4226 0.9063
vn -0.0000 -0.4619 0.8870
vn 0.0009 -0.2588 0.9659
vn -0.0000 -0.3011 0.9536
vn -0.0000 -0.3828 0.9238
vn 0.0009 -0.0872 0.9962
vn -0.0000 -0.1295 0.9916
vn 0.0017 0.1271 0.9919
vn -0.0000 0.0427 0.9991
vn -0.0000 -0.0426 0.9991
vn 0.0035 0.1711 0.9852
vn -0.0000 0.0872 0.9962
vn -0.0000 0.2165 0.9763
vn 0.0009 0.2588 0.9659
vn -0.0000 0.3008 0.9537
vn -0.0000 0.3830 0.9237
vn 0.0009 0.4226 0.9063
vn -0.0000 0.4621 0.8869
vn -0.0000 0.5732 0.8194
vn -0.0000 0.5736 0.8192
vn -0.0000 0.6417 0.7670
vn 0.0032 0.8583 0.5132
vn -0.0000 0.8109 0.5852
vn 0.0018 0.9754 0.2205
vn -0.0000 0.9526 0.3044
vn 0.0019 0.9236 0.3834
vn -0.0000 0.8869 0.4620
vn 0.0010 0.9962 -0.0872
vn 0.0020 0.9990 0.0439
vn -0.0000 0.9914 0.1308
vn 0.0010 0.9659 -0.2588
vn -0.0000 0.9755 -0.2202
vn -0.0000 0.9914 -0.1308
vn 0.0010 0.9063 -0.4226
vn -0.0000 0.9237 -0.3830
vn -0.0000 0.9526 -0.3044
vn -0.0000 0.5736 -0.8192
vn -0.0000 0.7071 -0.7071
vn -0.0000 0.8106 -0.5856
vn 0.0006 0.8192 -0.5736
vn -0.0000 0.8585 -0.5128
vn -0.0000 0.8868 -0.4621
vn 0.0009 0.4226 -0.9063
vn -0.0000 0.4619 -0.8869
vn 0.0009 0.2588 -0.9659
vn -0.0000 0.3008 -0.9537
vn -0.0000 0.3829 -0.9238
vn -0.0000 -0.0426 -0.9991
vn -0.0000 0.0427 -0.9991
vn 0.0009 0.0872 -0.9962
vn -0.0000 0.1297 -0.9916
vn -0.0000 0.2165 -0.9763
vn -0.9962 -0.0000 0.0871
vn -0.9962 -0.0000 0.0872
vn -0.9659 -0.0000 0.2588
vn -0.9063 -0.0000 0.4226
vn -0.8191 -0.0000 0.5736
vn -0.8192 -0.0000 0.5736
vn -0.7071 -0.0000 0.7071
vn -0.5736 -0.0000 0.8192
vn -0.4226 -0.0000 0.9063
vn -0.2588 -0.0000 0.9659
vn -0.0872 -0.0000 0.9962
vn 0.0872 -0.0000 0.9962
vn 0.2588 -0.0000 0.9659
vn 0.4226 -0.0000 0.9063
vn 0.5736 -0.0000 0.8192
vn 0.7071 -0.0000 0.7071
vn 0.8191 -0.0000 0.5736
vn 0.8192 -0.0000 0.5736
vn 0.9063 -0.0000 0.4226
vn 0.9659 -0.0000 0.2588
vn 0.9962 -0.0000 0.0872
vn 0.9962 -0.0000 0.0871
vn 0.9962 -0.0000 -0.0871
vn 0.9962 -0.0000 -0.0872
vn 0.9659 -0.0000 -0.2588
vn 0.9063 -0.0000 -0.4226
vn 0.8192 -0.0000 -0.5736
vn 0.8191 -0.0000 -0.5736
vn 0.7071 -0.0000 -0.7071
vn 0.5736 -0.0000 -0.8192
vn 0.4226 -0.0000 -0.9063
vn 0.2588 -0.0000 -0.9659
vn 0.0872 -0.0000 -0.9962
vn -0.0872 -0.0000 -0.9962
vn -0.2588 -0.0000 -0.9659
vn -0.4226 -0.0000 -0.9063
vn -0.5736 -0.0000 -0.8192
vn -0.7071 -0.0000 -0.7071
vn -0.8192 -0.0000 -0.5736
vn -0.8191 -0.0000 -0.5736
vn -0.9063 -0.0000 -0.4226
vn -0.9659 -0.0000 -0.2588
vn -0.9962 -0.0000 -0.0872
vn -0.9962 -0.0000 -0.0871
vn 0.9896 -0.0000 0.1435
vn 0.9896 -0.0000 -0.1435
vn 0.7309 0.0083 -0.6824
vn 0.7071 -0.0001 -0.7071
vn 0.7716 -0.0000 -0.6362
vn 0.7163 -0.0036 -0.6978
vn 0.7314 -0.0080 -0.6819
vn 0.8192 -0.0001 -0.5736
vn 0.8373 0.0138 -0.5466
vn 0.8116 0.0049 -0.5842
vn 0.7964 0.0019 -0.6048
vn 0.7828 0.0005 -0.6223
vn 0.9765 0.0429 -0.2114
vn 0.9665 0.0164 -0.2560
vn 0.9532 0.0022 -0.3022
vn 0.9424 -0.0000 -0.3344
vn 0.9063 0.0002 -0.4226
vn 0.9190 0.0204 -0.3938
vn 0.8880 0.0001 -0.4599
vn 0.9960 0.0187 -0.0876
vn 0.9960 0.0190 -0.0871
vn 0.9996 -0.0000 -0.0286
vn 0.9960 0.0188 0.0871
vn 0.9960 0.0192 0.0877
vn 0.9996 -0.0000 0.0286
vn 0.9425 -0.0000 0.3341
vn 0.9532 0.0022 0.3022
vn 0.9666 0.0164 0.2559
vn 0.9658 0.0147 0.2588
vn 0.9801 -0.0000 0.1984
vn 0.9246 -0.0000 0.3810
vn 0.9062 0.0116 0.4226
vn 0.8880 0.0001 0.4599
vn 0.7828 0.0005 0.6223
vn 0.7964 0.0019 0.6048
vn 0.8116 0.0049 0.5842
vn 0.8191 0.0075 0.5736
vn 0.8462 -0.0000 0.5328
vn 0.8656 -0.0000 0.5008
vn 0.7317 -0.0081 0.6815
vn 0.7071 0.0001 0.7071
vn 0.7716 -0.0000 0.6361
vn 0.7158 0.0036 0.6983
vn 0.7305 0.0082 0.6828
vn 0.7666 -0.0000 0.6422
vn 0.8192 0.0001 0.5736
vn 0.8379 -0.0129 0.5457
vn 0.8118 -0.0046 0.5839
vn 0.7965 -0.0018 0.6047
vn 0.7828 -0.0004 0.6222
vn 0.9771 -0.0366 0.2095
vn 0.9668 -0.0141 0.2550
vn 0.9533 -0.0019 0.3020
vn 0.9424 -0.0000 0.3344
vn 0.9063 -0.0002 0.4226
vn 0.9196 -0.0183 0.3925
vn 0.8880 -0.0000 0.4599
vn 0.9961 -0.0153 0.0870
vn 0.9961 -0.0152 0.0871
vn 0.9996 -0.0000 0.0283
vn 0.9961 -0.0152 -0.0871
vn 0.9961 -0.0151 -0.0870
vn 0.9996 -0.0000 -0.0283
vn 0.9425 -0.0000 -0.3341
vn 0.9533 -0.0019 -0.3020
vn 0.9668 -0.0141 -0.2550
vn 0.9659 -0.0122 -0.2588
vn 0.9801 -0.0000 -0.1984
vn 0.9246 -0.0000 -0.3810
vn 0.9063 -0.0103 -0.4226
vn 0.8880 -0.0000 -0.4599
vn 0.7667 -0.0000 -0.6420
vn 0.7716 -0.0000 -0.6361
vn 0.7829 -0.0004 -0.6222
vn 0.7965 -0.0018 -0.6047
vn 0.8118 -0.0046 -0.5839
vn 0.8191 -0.0069 -0.5736
vn 0.8462 -0.0000 -0.5328
vn 0.8654 -0.0000 -0.5012
vn 0.7162 -0.0036 0.6979
vn 0.7027 -0.0000 0.7114
vn 0.7027 -0.0000 -0.7115
vn 0.7157 0.0036 -0.6984
vn -0.4843 0.8652 0.1298
vn -0.4544 0.8652 0.2119
vn -0.4545 0.8652 0.2119
vn -0.4107 0.8652 0.2876
vn -0.3546 0.8652 0.3546
vn -0.2876 0.8652 0.4108
vn -0.2876 0.8652 0.4107
vn -0.2119 0.8652 0.4545
vn -0.1298 0.8652 0.4843
vn -0.0437 0.8652 0.4995
vn 0.0437 0.8652 0.4995
vn 0.1298 0.8652 0.4843
vn 0.2119 0.8652 0.4545
vn 0.2876 0.8652 0.4108
vn 0.2876 0.8652 0.4107
vn 0.3546 0.8652 0.3546
vn 0.4107 0.8652 0.2876
vn 0.4108 0.8652 0.2876
vn 0.4544 0.8652 0.2119
vn 0.4545 0.8652 0.2119
vn 0.4843 0.8652 0.1298
vn 0.4995 0.8652 0.0437
vn 0.4995 0.8652 -0.0437
vn 0.4843 0.8652 -0.1298
vn 0.4545 0.8652 -0.2119
vn 0.4107 0.8652 -0.2876
vn 0.3546 0.8652 -0.3546
vn 0.2876 0.8652 -0.4108
vn 0.2876 0.8652 -0.4107
vn 0.2119 0.8652 -0.4545
vn 0.1298 0.8652 -0.4843
vn 0.0437 0.8652 -0.4995
vn -0.0437 0.8652 -0.4995
vn -0.1298 0.8652 -0.4843
vn -0.2119 0.8652 -0.4544
vn -0.2876 0.8652 -0.4107
vn -0.2876 0.8652 -0.4108
vn -0.3546 0.8652 -0.3546
vn -0.4107 0.8652 -0.2876
vn -0.4544 0.8652 -0.2119
vn -0.4545 0.8652 -0.2119
vn -0.4843 0.8652 -0.1298
vn -0.4995 0.8652 -0.0437
vn -0.4995 0.8652 0.0437
vn 0.6843 -0.7058 0.1834
vn 0.6421 -0.7058 0.2994
vn 0.5803 -0.7058 0.4064
vn 0.5010 -0.7058 0.5010
vn 0.4064 -0.7058 0.5803
vn 0.2994 -0.7058 0.6421
vn 0.1834 -0.7058 0.6843
vn 0.0617 -0.7058 0.7058
vn -0.0617 -0.7058 0.7058
vn -0.1834 -0.7058 0.6843
vn -0.2994 -0.7058 0.6421
vn -0.4064 -0.7058 0.5803
vn -0.5010 -0.7058 0.5010
vn -0.5803 -0.7058 0.4064
vn -0.6421 -0.7058 0.2994
vn -0.6843 -0.7058 0.1834
vn -0.7058 -0.7058 0.0617
vn -0.7058 -0.7058 -0.0617
vn -0.6843 -0.7058 -0.1834
vn -0.6421 -0.7058 -0.2994
vn -0.5803 -0.7058 -0.4064
vn -0.5010 -0.7058 -0.5010
vn -0.5010 -0.7058 -0.5009
vn -0.4064 -0.7058 -0.5803
vn -0.2994 -0.7058 -0.6421
vn -0.1834 -0.7058 -0.6843
vn -0.0617 -0.7058 -0.7058
vn 0.0617 -0.7058 -0.7058
vn 0.1834 -0.7058 -0.6843
vn 0.2994 -0.7058 -0.6421
vn 0.4064 -0.7058 -0.5803
vn 0.5009 -0.7058 -0.5010
vn 0.5010 -0.7058 -0.5010
vn 0.5803 -0.7058 -0.4064
vn 0.6421 -0.7058 -0.2994
vn 0.6843 -0.7058 -0.1834
vn 0.7058 -0.7058 -0.0617
vn 0.7058 -0.7058 0.0617
vn -0.8963 0.0011 0.4435
vn -0.9109 0.0027 0.4126
vn -0.9050 0.0019 0.4254
vn -0.9002 0.0014 0.4355
vn -0.8896 -0.0009 0.4568
vn -0.8947 -0.0016 0.4466
vn -0.8988 -0.0022 0.4384
vn -0.9036 -0.0031 0.4284
vn -0.9504 0.0001 0.3110
vn -0.9404 -0.0000 0.3401
vn -0.9290 0.0060 0.3699
vn -0.9178 0.0038 0.3971
vn -0.9954 0.0019 0.0960
vn -0.9911 0.0004 0.1328
vn -0.9867 -0.0000 0.1623
vn -0.9797 0.0068 0.2004
vn -0.9673 0.0024 0.2538
vn -0.9911 0.0005 -0.1328
vn -0.9954 0.0019 -0.0959
vn -0.9983 0.0044 -0.0580
vn -0.9962 0.0017 -0.0872
vn -0.9998 -0.0000 -0.0192
vn -0.9998 0.0079 0.0195
vn -0.9983 0.0044 0.0580
vn -0.9504 0.0001 -0.3110
vn -0.9673 0.0024 -0.2538
vn -0.9659 0.0019 -0.2588
vn -0.9804 -0.0000 -0.1972
vn -0.9867 -0.0000 -0.1623
vn -0.8947 -0.0016 -0.4466
vn -0.9094 -0.0044 -0.4160
vn -0.9036 -0.0031 -0.4284
vn -0.8988 -0.0022 -0.4383
vn -0.8916 0.0007 -0.4528
vn -0.8962 0.0011 -0.4436
vn -0.9002 0.0014 -0.4355
vn -0.9050 0.0019 -0.4254
vn -0.9109 0.0027 -0.4126
vn -0.9178 0.0038 -0.3971
vn -0.9063 0.0016 -0.4226
vn -0.9320 -0.0000 -0.3623
vn -0.9404 -0.0000 -0.3402
vn -0.9504 -0.0001 -0.3110
vn -0.9270 -0.0101 -0.3750
vn -0.9160 -0.0062 -0.4010
vn -0.9953 -0.0038 -0.0963
vn -0.9911 -0.0009 -0.1328
vn -0.9790 -0.0129 -0.2034
vn -0.9669 -0.0044 -0.2551
vn -0.9911 -0.0009 0.1329
vn -0.9953 -0.0038 0.0963
vn -0.9982 -0.0088 0.0587
vn -0.9962 -0.0036 0.0872
vn -0.9998 -0.0000 0.0193
vn -0.9997 -0.0159 -0.0200
vn -0.9982 -0.0088 -0.0587
vn -0.9094 -0.0044 0.4159
vn -0.9161 -0.0062 0.4010
vn -0.9063 -0.0030 0.4226
vn -0.9320 -0.0000 0.3624
vn -0.9404 -0.0000 0.3402
vn -0.9504 -0.0001 0.3110
vn -0.9669 -0.0044 0.2551
vn -0.9659 -0.0038 0.2588
vn -0.9804 -0.0000 0.1972
vn -0.8896 -0.0009 -0.4568
vn -0.8822 -0.0000 -0.4709
vn -0.8822 -0.0000 0.4709
vn -0.8916 0.0007 0.4529
vn -0.0000 -0.9914 0.1306
vn -0.0000 -0.1307 0.9914
vn -0.0013 -0.0872 0.9962
vn -0.0000 -0.2164 0.9763
vn -0.0013 -0.2588 0.9659
vn -0.0000 -0.3006 0.9537
vn -0.0013 -0.4226 0.9063
vn -0.0000 -0.4619 0.8869
vn -0.0000 -0.5670 0.8237
vn -0.0004 -0.5736 0.8192
vn -0.0000 -0.6367 0.7712
vn -0.0027 -0.9762 0.2168
vn -0.0000 -0.9537 0.3008
vn -0.0036 -0.9296 0.3685
vn -0.0000 -0.8942 0.4476
vn -0.0027 -0.9990 0.0437
vn -0.0000 -0.9990 -0.0437
vn -0.0014 -0.9962 -0.0872
vn -0.0000 -0.9914 -0.1306
vn -0.0000 -0.9763 -0.2164
vn -0.0014 -0.9659 -0.2588
vn -0.0000 -0.9537 -0.3008
vn -0.0000 -0.9298 -0.3680
vn -0.0012 -0.9063 -0.4226
vn -0.0000 -0.8942 -0.4476
vn -0.0000 -0.6366 -0.7712
vn -0.0004 -0.5736 -0.8192
vn -0.0000 -0.5670 -0.8237
vn -0.0000 -0.4617 -0.8870
vn -0.0013 -0.4226 -0.9063
vn -0.0000 -0.3827 -0.9239
vn -0.0000 -0.3010 -0.9536
vn -0.0013 -0.2588 -0.9659
vn -0.0000 -0.2167 -0.9762
vn -0.0000 -0.1304 -0.9915
vn -0.0013 -0.0872 -0.9962
vn -0.0000 -0.0435 -0.9991
vn -0.0000 0.0435 -0.9991
vn -0.0013 0.0872 -0.9962
vn -0.0000 0.1304 -0.9915
vn -0.0000 0.2166 -0.9763
vn -0.0013 0.2588 -0.9659
vn -0.0013 0.4226 -0.9063
vn -0.0000 0.4618 -0.8870
vn -0.0000 0.5670 -0.8237
vn -0.0004 0.5736 -0.8192
vn -0.0000 0.6366 -0.7712
vn -0.0000 0.8192 -0.5736
vn -0.0000 0.9659 -0.2588
vn -0.0027 0.9762 -0.2169
vn -0.0000 0.9537 -0.3009
vn -0.0000 0.9063 -0.4226
vn -0.0036 0.9296 -0.3685
vn -0.0000 0.8942 -0.4476
vn -0.0014 0.9962 0.0872
vn -0.0000 0.9991 0.0435
vn -0.0000 0.9962 -0.0872
vn -0.0027 0.9990 -0.0435
vn -0.0000 0.9915 -0.1304
vn -0.0014 0.9659 0.2588
vn -0.0000 0.9762 0.2167
vn -0.0000 0.9915 0.1304
vn -0.0000 0.8942 0.4476
vn -0.0012 0.9063 0.4226
vn -0.0000 0.9298 0.3680
vn -0.0000 0.9536 0.3010
vn -0.0004 0.5736 0.8192
vn -0.0000 0.6367 0.7711
vn -0.0013 0.4226 0.9063
vn -0.0000 0.4619 0.8869
vn -0.0000 0.5670 0.8237
vn -0.0013 0.2588 0.9659
vn -0.0000 0.3828 0.9238
vn -0.0000 -0.0438 0.9990
vn -0.0000 0.0438 0.9990
vn -0.0013 0.0872 0.9962
vn 0.0981 -0.0000 -0.9952
vn 0.1622 0.0034 -0.9868
vn 0.1736 0.0012 -0.9848
vn 0.3227 0.0046 -0.9465
vn 0.2930 -0.0000 -0.9561
vn 0.2369 -0.0000 -0.9715
vn 0.4743 0.0043 -0.8804
vn 0.4245 -0.0000 -0.9054
vn 0.3711 -0.0000 -0.9286
vn 0.6130 0.0039 -0.7901
vn 0.5972 0.0004 -0.8021
vn 0.5000 -0.0004 -0.8660
vn 0.7348 0.0048 -0.6782
vn 0.7023 -0.0000 -0.7119
vn 0.6597 -0.0000 -0.7516
vn 0.8726 -0.0000 -0.4884
vn 0.8355 0.0027 -0.5495
vn 0.8366 0.0023 -0.5478
vn 0.7953 -0.0000 -0.6062
vn 0.7587 -0.0000 -0.6514
vn 0.8995 -0.0000 -0.4368
vn 0.9155 0.0049 -0.4023
vn 0.9326 -0.0000 -0.3609
vn 0.9520 -0.0000 -0.3061
vn 0.9693 0.0036 -0.2459
vn 0.9730 0.0008 -0.2306
vn 0.9932 -0.0007 -0.1161
vn 0.9966 0.0045 -0.0827
vn 0.9996 -0.0000 -0.0291
vn 0.9996 -0.0000 0.0291
vn 0.9966 0.0045 0.0827
vn 0.9932 -0.0007 0.1161
vn 0.9730 0.0008 0.2306
vn 0.9693 0.0036 0.2459
vn 0.9520 -0.0000 0.3061
vn 0.9326 -0.0000 0.3609
vn 0.9155 0.0049 0.4023
vn 0.8995 -0.0000 0.4368
vn 0.8726 -0.0000 0.4884
vn 0.8366 0.0027 0.5478
vn 0.8355 0.0023 0.5495
vn 0.7348 0.0048 0.6782
vn 0.7587 -0.0000 0.6514
vn 0.7953 -0.0000 0.6062
vn 0.6130 0.0039 0.7901
vn 0.6597 -0.0000 0.7516
vn 0.7023 -0.0000 0.7119
vn 0.4743 0.0043 0.8804
vn 0.5000 -0.0004 0.8660
vn 0.5972 0.0004 0.8021
vn 0.3227 0.0046 0.9465
vn 0.3711 -0.0000 0.9286
vn 0.4245 -0.0000 0.9054
vn 0.0981 -0.0000 0.9952
vn 0.1736 0.0040 0.9848
vn 0.1622 0.0014 0.9868
vn 0.2369 -0.0000 0.9715
vn 0.2930 -0.0000 0.9561
vn 0.9983 -0.0000 -0.0587
vn 0.9689 -0.0004 -0.2475
vn 0.9801 -0.0000 -0.1985
vn 0.9966 -0.0000 -0.0828
vn 0.9888 -0.0012 -0.1493
vn 0.9921 -0.0009 -0.1253
vn 0.8836 -0.0014 -0.4683
vn 0.9155 -0.0000 -0.4024
vn 0.8747 -0.0000 -0.4846
vn 0.9052 -0.0006 -0.4251
vn 0.9339 -0.0000 -0.3576
vn 0.9693 -0.0000 -0.2459
vn 0.9496 -0.0013 -0.3136
vn 0.9591 -0.0008 -0.2830
vn 0.7348 -0.0001 -0.6782
vn 0.7323 -0.0001 -0.6810
vn 0.7831 -0.0000 -0.6218
vn 0.8366 -0.0000 -0.5478
vn 0.7928 -0.0014 -0.6095
vn 0.8353 -0.0002 -0.5498
vn 0.4743 -0.0000 -0.8804
vn 0.4526 -0.0005 -0.8917
vn 0.5254 -0.0000 -0.8509
vn 0.6130 -0.0000 -0.7901
vn 0.6106 -0.0001 -0.7919
vn 0.6755 -0.0000 -0.7374
vn 0.1622 -0.0000 -0.9868
vn 0.0831 -0.0017 -0.9965
vn 0.1643 -0.0000 -0.9864
vn 0.3227 -0.0000 -0.9465
vn 0.2804 -0.0009 -0.9599
vn 0.3587 -0.0000 -0.9334
vn 0.0527 0.6778 -0.7334
vn 0.0653 0.5396 -0.8394
vn 0.0781 0.3662 -0.9273
vn 0.0893 0.1845 -0.9788
vn 0.0981 -0.0156 -0.9951
vn 0.0012 0.9998 0.0201
vn 0.0036 0.9951 0.0990
vn 0.0108 0.9454 0.3258
vn 0.0122 0.9568 0.2904
vn 0.0130 0.9705 0.2409
vn 0.0112 0.9815 0.1912
vn 0.0234 0.9144 0.4042
vn 0.0352 0.7992 0.6001
vn 0.0334 0.8442 0.5350
vn 0.0327 0.8541 0.5191
vn 0.0449 0.7375 0.6738
vn 0.0466 0.6810 0.7308
vn 0.0584 0.5443 0.8369
vn 0.0661 0.3760 0.9243
vn 0.0714 0.2009 0.9770
vn 0.0675 0.0133 0.9976
vn 0.0403 0.7974 -0.6021
vn 0.0443 0.7477 -0.6626
vn 0.0299 0.8798 -0.4744
vn 0.0327 0.8541 -0.5191
vn 0.0198 0.9444 -0.3281
vn 0.0216 0.9327 -0.3600
vn 0.0098 0.9859 -0.1669
vn 0.0112 0.9815 -0.1912
vn 0.0130 0.9705 -0.2409
vn 0.0012 0.9998 -0.0201
vn 0.0906 0.0712 -0.9933
vn 0.0969 0.0871 -0.9915
vn 0.1730 0.0870 -0.9811
vn 0.2360 0.0872 -0.9678
vn 0.2865 0.0428 -0.9571
vn 0.2919 0.0870 -0.9525
vn 0.3697 0.0871 -0.9251
vn 0.3960 -0.0242 -0.9179
vn 0.4229 0.0871 -0.9020
vn 0.4981 0.0870 -0.8627
vn 0.5949 0.0870 -0.7991
vn 0.6571 0.0872 -0.7487
vn 0.6861 -0.0185 -0.7272
vn 0.6996 0.0871 -0.7092
vn 0.7631 0.0870 -0.6403
vn 0.7587 0.0003 -0.6514
vn 0.7923 0.0872 -0.6039
vn 0.8323 0.0870 -0.5474
vn 0.8693 0.0872 -0.4865
vn 0.8936 0.0081 -0.4488
vn 0.8961 0.0871 -0.4352
vn 0.9361 0.0870 -0.3407
vn 0.9304 -0.0681 -0.3601
vn 0.9484 0.0871 -0.3049
vn 0.9694 0.0870 -0.2297
vn 0.9895 0.0870 -0.1156
vn 0.9895 0.0870 -0.1157
vn 0.9958 0.0871 -0.0290
vn 0.9997 -0.0247 -0.0000
vn 0.9958 0.0871 0.0290
vn 0.9895 0.0870 0.1157
vn 0.9895 0.0870 0.1156
vn 0.9694 0.0870 0.2297
vn 0.9484 0.0871 0.3049
vn 0.9396 -0.0142 0.3420
vn 0.9291 0.0871 0.3596
vn 0.8902 0.0870 0.4471
vn 0.8994 -0.0155 0.4368
vn 0.8693 0.0871 0.4865
vn 0.8323 0.0870 0.5474
vn 0.7923 0.0872 0.6039
vn 0.7659 0.0172 0.6427
vn 0.7559 0.0871 0.6489
vn 0.6836 0.0870 0.7246
vn 0.6998 -0.0838 0.7094
vn 0.6571 0.0871 0.7487
vn 0.5949 0.0870 0.7991
vn 0.4981 0.0870 0.8627
vn 0.4229 0.0871 0.9020
vn 0.3960 -0.0241 0.9179
vn 0.3697 0.0871 0.9251
vn 0.2857 0.0870 0.9544
vn 0.2928 0.0372 0.9554
vn 0.2360 0.0872 0.9678
vn 0.1730 0.0870 0.9811
vn 0.0977 0.0871 0.9914
vn 0.0906 0.0712 0.9933
vn 0.0879 0.2587 0.9619
vn 0.1678 0.2584 0.9514
vn 0.2771 0.2584 0.9255
vn 0.2770 0.2584 0.9255
vn 0.3826 0.2584 0.8870
vn 0.4830 0.2584 0.8366
vn 0.5769 0.2584 0.7749
vn 0.6629 0.2584 0.7027
vn 0.7400 0.2584 0.6210
vn 0.8071 0.2584 0.5308
vn 0.8071 0.2584 0.5309
vn 0.8633 0.2584 0.4335
vn 0.8633 0.2584 0.4336
vn 0.9078 0.2584 0.3304
vn 0.9400 0.2584 0.2228
vn 0.9595 0.2584 0.1121
vn 0.9595 0.2584 0.1122
vn 0.9660 0.2584 -0.0000
vn 0.9595 0.2584 -0.1121
vn 0.9595 0.2584 -0.1122
vn 0.9400 0.2584 -0.2228
vn 0.9078 0.2584 -0.3304
vn 0.8633 0.2584 -0.4335
vn 0.8633 0.2584 -0.4336
vn 0.8071 0.2584 -0.5309
vn 0.8071 0.2584 -0.5308
vn 0.7400 0.2584 -0.6210
vn 0.6630 0.2584 -0.7027
vn 0.6629 0.2584 -0.7027
vn 0.5769 0.2584 -0.7749
vn 0.4830 0.2584 -0.8366
vn 0.3826 0.2584 -0.8870
vn 0.2771 0.2584 -0.9255
vn 0.1678 0.2584 -0.9514
vn 0.1677 0.2584 -0.9514
vn 0.0792 0.2587 -0.9627
vn 0.0807 0.2704 -0.9594
vn 0.0807 0.2704 0.9594
vn 0.0762 0.4224 0.9032
vn 0.1574 0.4220 0.8928
vn 0.2600 0.4220 0.8685
vn 0.3591 0.4220 0.8324
vn 0.4533 0.4220 0.7851
vn 0.5414 0.4220 0.7272
vn 0.6221 0.4220 0.6594
vn 0.6945 0.4220 0.5827
vn 0.6945 0.4220 0.5828
vn 0.7574 0.4220 0.4982
vn 0.8102 0.4220 0.4069
vn 0.8101 0.4220 0.4069
vn 0.8519 0.4220 0.3101
vn 0.8821 0.4220 0.2091
vn 0.9005 0.4220 0.1052
vn 0.9004 0.4220 0.1053
vn 0.9066 0.4220 -0.0000
vn 0.9005 0.4220 -0.1052
vn 0.9004 0.4220 -0.1052
vn 0.8821 0.4220 -0.2091
vn 0.8519 0.4220 -0.3101
vn 0.8102 0.4220 -0.4069
vn 0.8101 0.4220 -0.4069
vn 0.7574 0.4220 -0.4982
vn 0.6945 0.4220 -0.5827
vn 0.6945 0.4221 -0.5827
vn 0.6221 0.4221 -0.6594
vn 0.6221 0.4220 -0.6594
vn 0.5414 0.4220 -0.7272
vn 0.4533 0.4220 -0.7851
vn 0.3591 0.4220 -0.8324
vn 0.2600 0.4220 -0.8685
vn 0.1574 0.4220 -0.8928
vn 0.1574 0.4221 -0.8928
vn 0.0681 0.4223 -0.9039
vn 0.0692 0.4480 -0.8913
vn 0.0692 0.4480 0.8913
vn 0.0636 0.5733 0.8169
vn 0.1423 0.5729 0.8072
vn 0.2351 0.5729 0.7852
vn 0.3246 0.5729 0.7526
vn 0.4098 0.5729 0.7098
vn 0.4895 0.5729 0.6574
vn 0.4894 0.5729 0.6574
vn 0.5624 0.5729 0.5962
vn 0.6279 0.5729 0.5268
vn 0.6278 0.5730 0.5268
vn 0.6848 0.5729 0.4504
vn 0.7324 0.5729 0.3678
vn 0.7702 0.5729 0.2803
vn 0.7975 0.5729 0.1890
vn 0.8141 0.5729 0.0952
vn 0.8196 0.5729 -0.0000
vn 0.8141 0.5729 -0.0952
vn 0.8141 0.5729 -0.0951
vn 0.7975 0.5729 -0.1890
vn 0.7702 0.5729 -0.2803
vn 0.7324 0.5729 -0.3678
vn 0.7324 0.5729 -0.3679
vn 0.6848 0.5729 -0.4504
vn 0.6279 0.5729 -0.5268
vn 0.5625 0.5729 -0.5962
vn 0.5624 0.5729 -0.5962
vn 0.4894 0.5729 -0.6574
vn 0.4098 0.5729 -0.7098
vn 0.3246 0.5729 -0.7526
vn 0.2351 0.5729 -0.7852
vn 0.1423 0.5729 -0.8072
vn 0.0577 0.5732 -0.8174
vn 0.0565 0.6142 -0.7871
vn 0.0565 0.6142 0.7872
vn 0.0507 0.7068 0.7056
vn 0.1229 0.7065 0.6970
vn 0.2030 0.7065 0.6780
vn 0.2803 0.7065 0.6498
vn 0.3538 0.7065 0.6129
vn 0.3539 0.7065 0.6129
vn 0.4226 0.7065 0.5677
vn 0.4856 0.7065 0.5148
vn 0.4857 0.7065 0.5148
vn 0.5421 0.7065 0.4549
vn 0.5422 0.7065 0.4549
vn 0.5913 0.7065 0.3889
vn 0.6324 0.7065 0.3176
vn 0.6650 0.7065 0.2421
vn 0.6650 0.7065 0.2420
vn 0.6886 0.7065 0.1632
vn 0.7029 0.7065 0.0822
vn 0.7077 0.7065 -0.0000
vn 0.7029 0.7065 -0.0822
vn 0.6886 0.7065 -0.1632
vn 0.6650 0.7065 -0.2421
vn 0.6651 0.7065 -0.2420
vn 0.6324 0.7065 -0.3176
vn 0.6325 0.7065 -0.3176
vn 0.5913 0.7065 -0.3889
vn 0.5421 0.7065 -0.4549
vn 0.4857 0.7065 -0.5148
vn 0.4226 0.7065 -0.5677
vn 0.3538 0.7065 -0.6129
vn 0.2803 0.7065 -0.6498
vn 0.2030 0.7065 -0.6780
vn 0.1229 0.7065 -0.6970
vn 0.0458 0.7066 -0.7061
vn 0.0449 0.7375 -0.6738
vn 0.0443 0.7477 0.6626
vn 0.0384 0.8188 0.5728
vn 0.0997 0.8187 0.5655
vn 0.1647 0.8187 0.5501
vn 0.2274 0.8187 0.5273
vn 0.2275 0.8187 0.5273
vn 0.2871 0.8187 0.4973
vn 0.3429 0.8187 0.4606
vn 0.3940 0.8187 0.4177
vn 0.3941 0.8187 0.4177
vn 0.4399 0.8187 0.3691
vn 0.4798 0.8187 0.3155
vn 0.5131 0.8187 0.2577
vn 0.5396 0.8187 0.1964
vn 0.5587 0.8187 0.1324
vn 0.5703 0.8187 0.0667
vn 0.5742 0.8187 -0.0000
vn 0.5703 0.8187 -0.0667
vn 0.5704 0.8187 -0.0667
vn 0.5587 0.8187 -0.1324
vn 0.5396 0.8187 -0.1964
vn 0.5131 0.8187 -0.2577
vn 0.4797 0.8187 -0.3155
vn 0.4798 0.8187 -0.3155
vn 0.4399 0.8187 -0.3691
vn 0.3940 0.8187 -0.4177
vn 0.3941 0.8187 -0.4177
vn 0.3429 0.8187 -0.4606
vn 0.2871 0.8187 -0.4973
vn 0.2274 0.8187 -0.5273
vn 0.2275 0.8187 -0.5273
vn 0.1647 0.8187 -0.5501
vn 0.0997 0.8187 -0.5655
vn 0.0345 0.8187 -0.5731
vn 0.0334 0.8442 -0.5350
vn 0.0299 0.8798 0.4744
vn 0.0231 0.9060 0.4227
vn 0.0735 0.9060 0.4168
vn 0.1214 0.9060 0.4054
vn 0.1676 0.9060 0.3886
vn 0.2116 0.9060 0.3665
vn 0.2527 0.9060 0.3395
vn 0.2904 0.9060 0.3078
vn 0.3242 0.9060 0.2720
vn 0.3536 0.9060 0.2326
vn 0.3782 0.9060 0.1899
vn 0.3977 0.9060 0.1448
vn 0.3977 0.9060 0.1447
vn 0.4118 0.9060 0.0976
vn 0.4204 0.9060 0.0491
vn 0.4203 0.9060 0.0491
vn 0.4232 0.9060 -0.0000
vn 0.4203 0.9060 -0.0491
vn 0.4204 0.9060 -0.0491
vn 0.4118 0.9060 -0.0976
vn 0.3977 0.9060 -0.1447
vn 0.3977 0.9060 -0.1448
vn 0.3782 0.9060 -0.1899
vn 0.3536 0.9060 -0.2326
vn 0.3242 0.9060 -0.2720
vn 0.2904 0.9060 -0.3078
vn 0.2527 0.9060 -0.3395
vn 0.2116 0.9060 -0.3665
vn 0.1676 0.9060 -0.3886
vn 0.1214 0.9060 -0.4054
vn 0.0735 0.9060 -0.4168
vn 0.0231 0.9060 -0.4227
vn 0.0234 0.9144 -0.4042
vn 0.0216 0.9327 0.3599
vn 0.0156 0.9658 0.2587
vn 0.0450 0.9658 0.2553
vn 0.0743 0.9658 0.2483
vn 0.1027 0.9658 0.2380
vn 0.1296 0.9658 0.2245
vn 0.1548 0.9658 0.2079
vn 0.1779 0.9658 0.1886
vn 0.1986 0.9658 0.1666
vn 0.2166 0.9658 0.1425
vn 0.2316 0.9658 0.1163
vn 0.2317 0.9658 0.1163
vn 0.2436 0.9658 0.0887
vn 0.2522 0.9658 0.0598
vn 0.2523 0.9658 0.0598
vn 0.2575 0.9658 0.0301
vn 0.2592 0.9658 -0.0000
vn 0.2575 0.9658 -0.0301
vn 0.2522 0.9658 -0.0598
vn 0.2523 0.9658 -0.0598
vn 0.2436 0.9658 -0.0887
vn 0.2316 0.9658 -0.1163
vn 0.2317 0.9658 -0.1163
vn 0.2165 0.9658 -0.1425
vn 0.2166 0.9658 -0.1425
vn 0.1986 0.9658 -0.1666
vn 0.1779 0.9658 -0.1886
vn 0.1548 0.9658 -0.2079
vn 0.1296 0.9658 -0.2245
vn 0.1027 0.9658 -0.2380
vn 0.0743 0.9658 -0.2483
vn 0.0450 0.9658 -0.2553
vn 0.0135 0.9658 -0.2590
vn 0.0122 0.9568 -0.2904
vn 0.0098 0.9859 0.1669
vn 0.0042 0.9962 0.0872
vn 0.0152 0.9962 0.0860
vn 0.0250 0.9962 0.0836
vn 0.0346 0.9962 0.0802
vn 0.0436 0.9962 0.0756
vn 0.0521 0.9962 0.0700
vn 0.0599 0.9962 0.0635
vn 0.0669 0.9962 0.0561
vn 0.0729 0.9962 0.0480
vn 0.0780 0.9962 0.0392
vn 0.0820 0.9962 0.0299
vn 0.0849 0.9962 0.0201
vn 0.0867 0.9962 0.0101
vn 0.0873 0.9962 -0.0000
vn 0.0867 0.9962 -0.0101
vn 0.0849 0.9962 -0.0201
vn 0.0820 0.9962 -0.0299
vn 0.0780 0.9962 -0.0392
vn 0.0729 0.9962 -0.0480
vn 0.0669 0.9962 -0.0561
vn 0.0599 0.9962 -0.0635
vn 0.0521 0.9962 -0.0700
vn 0.0436 0.9962 -0.0756
vn 0.0437 0.9962 -0.0756
vn 0.0346 0.9962 -0.0802
vn 0.0250 0.9962 -0.0836
vn 0.0152 0.9962 -0.0860
vn 0.0042 0.9962 -0.0872
vn 0.0036 0.9951 -0.0990
vn 0.0812 -0.0000 0.9967
vn 0.1622 -0.0000 0.9868
vn 0.3227 -0.0004 0.9465
vn 0.2796 -0.0000 0.9601
vn 0.1644 -0.0000 0.9864
vn 0.4743 -0.0004 0.8804
vn 0.4522 -0.0000 0.8919
vn 0.3587 -0.0000 0.9334
vn 0.6130 -0.0001 0.7901
vn 0.6106 -0.0000 0.7919
vn 0.5254 -0.0000 0.8509
vn 0.7348 -0.0001 0.6782
vn 0.7323 -0.0001 0.6810
vn 0.6755 -0.0000 0.7374
vn 0.8747 -0.0000 0.4846
vn 0.8353 -0.0002 0.5498
vn 0.8366 -0.0001 0.5478
vn 0.7922 -0.0000 0.6103
vn 0.7832 -0.0000 0.6218
vn 0.8832 -0.0000 0.4691
vn 0.9155 -0.0001 0.4024
vn 0.9052 -0.0006 0.4251
vn 0.9689 -0.0004 0.2475
vn 0.9591 -0.0008 0.2830
vn 0.9693 -0.0002 0.2459
vn 0.9493 -0.0000 0.3142
vn 0.9339 -0.0000 0.3576
vn 0.9983 -0.0000 0.0587
vn 0.9921 -0.0009 0.1253
vn 0.9966 -0.0002 0.0827
vn 0.9887 -0.0000 0.1496
vn 0.9801 -0.0000 0.1985
vn -0.0000 0.0437 -0.9990
vn -0.0003 0.0871 -0.9962
vn -0.0000 0.2164 -0.9763
vn -0.0003 0.2588 -0.9659
vn -0.0000 0.3007 -0.9537
vn -0.0000 0.3826 -0.9239
vn -0.0003 0.4226 -0.9063
vn -0.0000 0.5373 -0.8434
vn -0.0003 0.5736 -0.8192
vn -0.0000 0.6087 -0.7934
vn -0.9990 0.0436 -0.0000
vn -0.9914 0.1305 -0.0000
vn -0.9763 0.2164 -0.0000
vn -0.9537 0.3007 -0.0000
vn -0.9239 0.3827 -0.0000
vn -0.8870 0.4617 -0.0000
vn -0.8870 0.4618 -0.0000
vn -0.8434 0.5373 -0.0000
vn -0.8433 0.5374 -0.0000
vn -0.7934 0.6088 -0.0000
vn -0.0000 0.4226 0.9063
vn -0.0006 0.3828 0.9238
vn -0.0000 0.4618 0.8870
vn -0.0006 0.5376 0.8432
vn -0.0000 0.6088 0.7934
vn -0.0006 0.0437 0.9990
vn -0.0000 0.1305 0.9914
vn -0.0000 0.2588 0.9659
vn -0.0006 0.2165 0.9763
vn -0.0006 0.3829 0.9238
vn -0.0006 0.0436 0.9990
vn -0.5735 0.8192 -0.0000
vn -0.0003 0.0872 -0.9962
vn -0.0000 0.1305 -0.9914
vn -0.0000 0.3827 -0.9239
vn -0.0003 0.5736 -0.8191
vn -0.7593 -0.6508 -0.0000
vn -0.6843 0.7058 0.1834
vn -0.6421 0.7058 0.2994
vn -0.5803 0.7058 0.4064
vn -0.5803 0.7058 0.4063
vn -0.5010 0.7058 0.5010
vn -0.4064 0.7058 0.5803
vn -0.4063 0.7058 0.5803
vn -0.2994 0.7058 0.6421
vn -0.1834 0.7058 0.6843
vn -0.0617 0.7058 0.7058
vn 0.0617 0.7058 0.7058
vn 0.1834 0.7058 0.6843
vn 0.2994 0.7058 0.6421
vn 0.4064 0.7058 0.5803
vn 0.4063 0.7058 0.5803
vn 0.5010 0.7058 0.5010
vn 0.5803 0.7058 0.4064
vn 0.5803 0.7058 0.4063
vn 0.6421 0.7058 0.2994
vn 0.6843 0.7058 0.1834
vn 0.7058 0.7058 0.0617
vn 0.7058 0.7058 -0.0617
vn 0.6843 0.7058 -0.1834
vn 0.6421 0.7058 -0.2994
vn 0.5803 0.7058 -0.4063
vn 0.5803 0.7058 -0.4064
vn 0.5010 0.7058 -0.5010
vn 0.4064 0.7058 -0.5803
vn 0.2994 0.7058 -0.6421
vn 0.1834 0.7058 -0.6843
vn 0.0617 0.7058 -0.7058
vn -0.0617 0.7058 -0.7058
vn -0.1834 0.7058 -0.6843
vn -0.2994 0.7058 -0.6421
vn -0.4064 0.7058 -0.5803
vn -0.5010 0.7058 -0.5010
vn -0.5009 0.7058 -0.5010
vn -0.5803 0.7058 -0.4064
vn -0.5803 0.7058 -0.4063
vn -0.6421 0.7058 -0.2994
vn -0.6843 0.7058 -0.1834
vn -0.7058 0.7058 -0.0617
vn -0.7058 0.7058 0.0617
vn 1.0000 -0.0000 -0.0001
vn 1.0000 -0.0000 0.0001
vn -0.0000 0.0872 -0.9962
vn -0.0000 0.2588 -0.9659
vn -0.0000 0.4226 -0.9063
s 0
f 9//7 10//7 11//7
f 9//8 11//8 12//8
f 13//9 14//9 11//9
f 11//10 14//10 15//10
f 11//11 15//11 12//11
f 10//12 16//12 17//12
f 17//13 16//13 18//13
f 17//14 18//14 19//14
f 18//15 20//15 19//15
f 19//16 20//16 21//16
f 19//17 21//17 22//17
f 23//18 24//18 25//18
f 25//19 24//19 26//19
f 25//20 26//20 11//20
f 11//21 26//21 27//21
f 11//22 27//22 13//22
f 28//23 29//23 30//23
f 30//24 29//24 31//24
f 30//25 31//25 25//25
f 25//26 31//26 32//26
f 25//27 32//27 23//27
f 33//28 34//28 35//28
f 35//29 34//29 36//29
f 35//30 36//30 30//30
f 30//31 36//31 37//31
f 30//32 37//32 28//32
f 33//33 35//33 38//33
f 38//34 35//34 39//34
f 38//35 39//35 40//35
f 40//36 39//36 41//36
f 40//37 41//37 42//37
f 43//38 44//38 45//38
f 45//39 44//39 46//39
f 45//40 46//40 41//40
f 41//41 46//41 47//41
f 41//42 47//42 42//42
f 48//43 49//43 50//43
f 50//44 49//44 51//44
f 50//45 51//45 45//45
f 45//46 51//46 52//46
f 45//47 52//47 43//47
f 53//48 54//48 55//48
f 53//49 55//49 56//49
f 54//50 57//50 55//50
f 55//51 57//51 58//51
f 55//52 58//52 59//52
f 60//53 50//53 61//53
f 61//54 50//54 62//54
f 61//55 62//55 59//55
f 60//56 63//56 50//56
f 50//57 63//57 64//57
f 50//58 64//58 65//58
f 65//59 66//59 50//59
f 50//60 66//60 67//60
f 50//61 67//61 48//61
f 68//62 69//62 70//62
f 70//61 69//61 71//61
f 70//63 71//63 55//63
f 55//64 71//64 72//64
f 55//65 72//65 56//65
f 73//66 74//66 75//66
f 75//47 74//47 76//47
f 75//67 76//67 70//67
f 70//68 76//68 77//68
f 70//69 77//69 68//69
f 78//70 79//70 80//70
f 80//42 79//42 81//42
f 80//71 81//71 75//71
f 75//72 81//72 82//72
f 75//73 82//73 73//73
f 78//74 80//74 83//74
f 83//75 80//75 84//75
f 83//76 84//76 85//76
f 85//77 84//77 86//77
f 85//78 86//78 87//78
f 88//79 89//79 90//79
f 90//80 89//80 91//80
f 90//81 91//81 86//81
f 86//82 91//82 92//82
f 86//29 92//29 87//29
f 22//83 93//83 19//83
f 19//84 93//84 94//84
f 19//19 94//19 95//19
f 95//85 96//85 19//85
f 19//86 96//86 97//86
f 19//87 97//87 90//87
f 90//88 97//88 98//88
f 90//24 98//24 88//24
f 10//89 17//89 11//89
f 11//90 17//90 99//90
f 11//90 99//90 100//90
f 100//91 99//91 101//91
f 100//91 101//91 102//91
f 102//92 101//92 103//92
f 102//92 103//92 104//92
f 104//93 103//93 105//93
f 104//93 105//93 106//93
f 106//94 105//94 107//94
f 106//94 107//94 108//94
f 108//95 107//95 109//95
f 108//95 109//95 110//95
f 59//96 62//96 55//96
f 55//97 62//97 111//97
f 55//97 111//97 112//97
f 112//98 111//98 113//98
f 112//98 113//98 114//98
f 114//99 113//99 115//99
f 114//99 115//99 116//99
f 116//100 115//100 117//100
f 116//100 117//100 118//100
f 118//101 117//101 119//101
f 118//101 119//101 120//101
f 120//102 119//102 121//102
f 120//102 121//102 122//102
f 123//103 124//103 125//103
f 125//103 124//103 126//103
f 127//104 128//104 124//104
f 124//104 128//104 129//104
f 124//104 129//104 126//104
f 126//104 129//104 130//104
f 125//105 131//105 123//105
f 123//105 131//105 132//105
f 123//105 132//105 133//105
f 133//105 132//105 134//105
f 135//103 136//103 137//103
f 137//103 136//103 138//103
f 139//105 140//105 141//105
f 142//105 143//105 144//105
f 145//105 146//105 147//105
f 148//105 149//105 150//105
f 150//105 149//105 147//105
f 151//105 152//105 144//105
f 153//105 154//105 149//105
f 149//105 154//105 155//105
f 156//105 157//105 158//105
f 153//105 149//105 159//105
f 159//105 149//105 148//105
f 159//105 148//105 160//105
f 155//105 161//105 149//105
f 149//105 161//105 162//105
f 149//105 162//105 163//105
f 152//105 164//105 144//105
f 144//105 164//105 165//105
f 144//105 165//105 142//105
f 145//105 147//105 166//105
f 166//105 147//105 167//105
f 166//105 167//105 143//105
f 143//105 167//105 129//105
f 143//105 129//105 144//105
f 146//105 168//105 147//105
f 147//105 168//105 169//105
f 147//105 169//105 170//105
f 171//105 139//105 172//105
f 172//105 139//105 173//105
f 151//105 144//105 158//105
f 158//105 144//105 174//105
f 158//105 174//105 156//105
f 170//105 175//105 147//105
f 147//105 175//105 176//105
f 147//105 176//105 150//105
f 150//105 176//105 177//105
f 150//105 177//105 178//105
f 163//105 179//105 149//105
f 149//105 179//105 180//105
f 149//105 180//105 141//105
f 141//105 180//105 181//105
f 141//105 181//105 139//105
f 139//105 181//105 182//105
f 139//105 182//105 173//105
f 171//105 183//105 139//105
f 139//105 183//105 184//105
f 139//105 184//105 185//105
f 185//105 184//105 186//105
f 185//105 186//105 187//105
f 182//103 181//103 188//103
f 188//103 181//103 189//103
f 188//103 189//103 190//103
f 143//103 142//103 191//103
f 191//103 142//103 192//103
f 191//103 192//103 193//103
f 194//103 195//103 193//103
f 193//103 195//103 190//103
f 193//103 190//103 191//103
f 191//103 190//103 189//103
f 121//106 149//106 122//106
f 122//106 149//106 141//106
f 122//106 141//106 196//106
f 147//107 110//107 167//107
f 167//107 110//107 109//107
f 167//107 109//107 197//107
f 198//103 141//103 199//103
f 199//103 141//103 200//103
f 201//103 202//103 203//103
f 201//108 204//108 202//108
f 202//103 204//103 205//103
f 202//103 205//103 206//103
f 206//103 207//103 202//103
f 202//103 207//103 141//103
f 202//103 141//103 208//103
f 208//103 141//103 198//103
f 209//103 167//103 210//103
f 210//103 167//103 197//103
f 210//103 197//103 211//103
f 211//103 197//103 212//103
f 211//103 212//103 213//103
f 213//109 212//109 214//109
f 214//103 215//103 213//103
f 213//108 215//108 216//108
f 213//110 216//110 217//110
f 217//103 218//103 213//103
f 213//103 218//103 219//103
f 213//103 219//103 220//103
f 207//103 221//103 141//103
f 141//103 221//103 222//103
f 141//103 222//103 223//103
f 223//103 224//103 141//103
f 141//103 224//103 225//103
f 141//103 225//103 196//103
f 220//110 226//110 213//110
f 213//103 226//103 227//103
f 213//103 227//103 228//103
f 228//103 227//103 229//103
f 228//103 229//103 230//103
f 230//103 229//103 231//103
f 230//103 231//103 232//103
f 232//103 231//103 233//103
f 232//103 233//103 234//103
f 234//103 233//103 235//103
f 234//103 235//103 236//103
f 236//103 235//103 237//103
f 236//103 237//103 238//103
f 238//103 237//103 239//103
f 238//103 239//103 240//103
f 240//103 239//103 241//103
f 240//103 241//103 242//103
f 242//103 241//103 243//103
f 242//103 243//103 244//103
f 244//103 243//103 245//103
f 244//103 245//103 246//103
f 246//103 245//103 247//103
f 246//103 247//103 248//103
f 248//103 247//103 249//103
f 248//103 249//103 250//103
f 250//103 249//103 251//103
f 250//103 251//103 252//103
f 252//103 251//103 253//103
f 252//103 253//103 254//103
f 254//103 253//103 255//103
f 254//103 255//103 256//103
f 256//103 255//103 257//103
f 256//103 257//103 258//103
f 258//103 257//103 259//103
f 258//103 259//103 203//103
f 203//103 259//103 260//103
f 203//103 260//103 201//103
f 130//103 261//103 262//103
f 262//103 261//103 263//103
f 263//103 264//103 262//103
f 262//103 264//103 265//103
f 262//103 265//103 140//103
f 140//103 265//103 266//103
f 140//103 266//103 141//103
f 141//103 266//103 267//103
f 141//103 267//103 200//103
f 209//103 268//103 167//103
f 167//103 268//103 269//103
f 167//103 269//103 129//103
f 129//103 269//103 270//103
f 129//103 270//103 130//103
f 130//103 270//103 271//103
f 130//103 271//103 261//103
f 272//111 113//111 111//111
f 273//111 274//111 147//111
f 147//111 274//111 275//111
f 147//111 275//111 110//111
f 276//111 277//111 147//111
f 147//111 277//111 278//111
f 147//111 278//111 273//111
f 279//111 100//111 280//111
f 280//111 100//111 102//111
f 280//111 102//111 281//111
f 281//111 102//111 104//111
f 281//111 104//111 282//111
f 282//111 104//111 106//111
f 282//111 106//111 283//111
f 283//111 106//111 108//111
f 283//111 108//111 284//111
f 284//111 108//111 110//111
f 284//111 110//111 285//111
f 285//111 110//111 275//111
f 272//111 111//111 286//111
f 286//111 111//111 62//111
f 286//111 62//111 287//111
f 287//111 62//111 50//111
f 287//111 50//111 288//111
f 288//111 50//111 45//111
f 288//111 45//111 289//111
f 289//111 45//111 41//111
f 289//111 41//111 290//111
f 290//111 41//111 39//111
f 290//111 39//111 291//111
f 291//111 39//111 35//111
f 291//111 35//111 292//111
f 292//111 35//111 30//111
f 292//111 30//111 293//111
f 293//111 30//111 25//111
f 293//111 25//111 279//111
f 279//111 25//111 11//111
f 279//111 11//111 100//111
f 113//111 272//111 115//111
f 115//111 272//111 294//111
f 115//111 294//111 117//111
f 117//111 294//111 295//111
f 117//111 295//111 119//111
f 119//111 295//111 296//111
f 119//111 296//111 121//111
f 149//111 297//111 298//111
f 296//111 299//111 121//111
f 121//111 299//111 300//111
f 121//111 300//111 149//111
f 149//111 300//111 301//111
f 149//111 301//111 297//111
f 298//111 302//111 149//111
f 149//111 302//111 303//111
f 149//111 303//111 304//111
f 304//111 305//111 149//111
f 149//111 305//111 306//111
f 149//111 306//111 147//111
f 147//111 306//111 307//111
f 147//111 307//111 276//111
f 85//112 87//112 308//112
f 18//113 16//113 309//113
f 309//114 16//114 310//114
f 18//115 309//115 20//115
f 20//116 309//116 311//116
f 20//117 311//117 21//117
f 21//118 311//118 22//118
f 22//119 311//119 312//119
f 22//120 312//120 93//120
f 93//121 312//121 94//121
f 94//122 312//122 313//122
f 94//123 313//123 95//123
f 314//124 315//124 88//124
f 88//125 98//125 314//125
f 314//126 98//126 97//126
f 314//127 97//127 313//127
f 313//128 97//128 96//128
f 313//129 96//129 95//129
f 308//130 87//130 316//130
f 87//131 92//131 316//131
f 316//132 92//132 91//132
f 316//133 91//133 315//133
f 315//134 91//134 89//134
f 315//135 89//135 88//135
f 85//136 308//136 83//136
f 83//137 308//137 317//137
f 83//138 317//138 78//138
f 78//139 317//139 318//139
f 78//140 318//140 79//140
f 79//141 318//141 81//141
f 81//142 318//142 319//142
f 81//143 319//143 82//143
f 82//144 319//144 73//144
f 73//145 319//145 320//145
f 73//146 320//146 74//146
f 74//147 320//147 76//147
f 76//148 320//148 321//148
f 76//149 321//149 77//149
f 77//150 321//150 68//150
f 68//151 321//151 322//151
f 68//152 322//152 69//152
f 69//153 322//153 71//153
f 71//154 322//154 323//154
f 71//155 323//155 72//155
f 72//156 323//156 56//156
f 56//157 323//157 324//157
f 56//158 324//158 53//158
f 53//159 324//159 54//159
f 54//160 324//160 325//160
f 54//161 325//161 57//161
f 57//162 325//162 58//162
f 58//163 325//163 326//163
f 58//164 326//164 59//164
f 59//165 326//165 61//165
f 61//166 326//166 327//166
f 61//167 327//167 60//167
f 60//168 327//168 63//168
f 63//169 327//169 328//169
f 63//170 328//170 64//170
f 64//171 328//171 65//171
f 65//172 328//172 329//172
f 65//173 329//173 66//173
f 66//174 329//174 67//174
f 67//175 329//175 330//175
f 67//176 330//176 48//176
f 331//177 332//177 43//177
f 43//178 52//178 331//178
f 331//179 52//179 51//179
f 331//180 51//180 330//180
f 330//181 51//181 49//181
f 330//182 49//182 48//182
f 333//183 334//183 42//183
f 42//184 47//184 333//184
f 333//185 47//185 46//185
f 333//186 46//186 332//186
f 332//187 46//187 44//187
f 332//188 44//188 43//188
f 335//189 33//189 336//189
f 336//190 33//190 38//190
f 336//191 38//191 334//191
f 334//192 38//192 40//192
f 334//193 40//193 42//193
f 337//194 36//194 335//194
f 335//195 36//195 34//195
f 335//196 34//196 33//196
f 338//197 28//197 337//197
f 337//198 28//198 37//198
f 337//199 37//199 36//199
f 339//200 31//200 338//200
f 338//201 31//201 29//201
f 338//202 29//202 28//202
f 340//203 23//203 339//203
f 339//204 23//204 32//204
f 339//205 32//205 31//205
f 341//206 26//206 340//206
f 340//207 26//207 24//207
f 340//208 24//208 23//208
f 342//209 13//209 341//209
f 341//210 13//210 27//210
f 341//211 27//211 26//211
f 343//212 15//212 342//212
f 342//213 15//213 14//213
f 342//214 14//214 13//214
f 16//215 10//215 310//215
f 310//216 10//216 9//216
f 310//217 9//217 343//217
f 343//218 9//218 12//218
f 343//219 12//219 15//219
f 344//104 335//104 345//104
f 345//104 335//104 336//104
f 345//104 336//104 346//104
f 346//104 336//104 334//104
f 346//104 334//104 347//104
f 347//104 334//104 333//104
f 347//104 333//104 348//104
f 348//104 333//104 332//104
f 348//104 332//104 349//104
f 349//104 332//104 331//104
f 349//104 331//104 350//104
f 350//104 331//104 330//104
f 350//104 330//104 351//104
f 351//104 330//104 329//104
f 351//104 329//104 352//104
f 352//104 329//104 328//104
f 352//104 328//104 353//104
f 353//104 328//104 327//104
f 353//104 327//104 354//104
f 354//104 327//104 326//104
f 354//104 326//104 355//104
f 355//104 326//104 325//104
f 355//104 325//104 356//104
f 356//104 325//104 324//104
f 356//104 324//104 357//104
f 357//104 324//104 323//104
f 357//104 323//104 358//104
f 358//104 323//104 322//104
f 358//104 322//104 359//104
f 359//104 322//104 321//104
f 359//104 321//104 360//104
f 360//104 321//104 320//104
f 360//104 320//104 361//104
f 361//104 320//104 319//104
f 361//104 319//104 362//104
f 362//104 319//104 318//104
f 362//104 318//104 363//104
f 363//104 318//104 317//104
f 363//104 317//104 364//104
f 364//104 317//104 308//104
f 364//104 308//104 365//104
f 365//104 308//104 316//104
f 365//104 316//104 366//104
f 366//104 316//104 315//104
f 366//104 315//104 367//104
f 367//104 315//104 314//104
f 367//104 314//104 368//104
f 368//104 314//104 313//104
f 368//104 313//104 369//104
f 369//104 313//104 312//104
f 369//104 312//104 370//104
f 370//104 312//104 311//104
f 370//104 311//104 371//104
f 371//104 311//104 309//104
f 371//104 309//104 372//104
f 372//104 309//104 310//104
f 372//104 310//104 373//104
f 373//104 310//104 343//104
f 373//104 343//104 374//104
f 374//104 343//104 342//104
f 374//104 342//104 375//104
f 375//104 342//104 341//104
f 375//104 341//104 376//104
f 376//104 341//104 340//104
f 376//104 340//104 377//104
f 377//104 340//104 339//104
f 377//104 339//104 378//104
f 378//104 339//104 338//104
f 378//104 338//104 379//104
f 379//104 338//104 337//104
f 379//104 337//104 344//104
f 344//104 337//104 335//104
f 380//106 189//106 180//106
f 180//106 189//106 181//106
f 381//220 178//220 177//220
f 381//221 382//221 383//221
f 383//222 382//222 384//222
f 383//223 384//223 385//223
f 385//224 384//224 386//224
f 385//225 386//225 160//225
f 160//225 386//225 159//225
f 159//183 386//183 387//183
f 159//183 387//183 153//183
f 153//186 387//186 388//186
f 153//186 388//186 154//186
f 154//177 388//177 389//177
f 154//177 389//177 155//177
f 155//180 389//180 390//180
f 155//180 390//180 161//180
f 161//226 390//226 391//226
f 161//226 391//226 162//226
f 162//227 391//227 392//227
f 162//227 392//227 163//227
f 163//228 392//228 393//228
f 163//228 393//228 179//228
f 179//229 393//229 380//229
f 179//229 380//229 180//229
f 381//220 177//220 382//220
f 382//230 177//230 176//230
f 382//230 176//230 394//230
f 394//231 176//231 175//231
f 394//231 175//231 395//231
f 395//232 175//232 170//232
f 395//232 170//232 396//232
f 396//233 170//233 169//233
f 396//233 169//233 397//233
f 397//234 169//234 168//234
f 397//234 168//234 398//234
f 398//235 168//235 146//235
f 398//235 146//235 399//235
f 399//236 146//236 145//236
f 399//236 145//236 400//236
f 400//237 145//237 166//237
f 400//237 166//237 401//237
f 191//107 401//107 143//107
f 143//107 401//107 166//107
f 402//105 403//105 189//105
f 189//105 403//105 404//105
f 189//105 404//105 405//105
f 406//105 407//105 191//105
f 191//105 407//105 408//105
f 409//105 401//105 410//105
f 410//105 401//105 191//105
f 410//105 191//105 411//105
f 411//105 191//105 408//105
f 412//105 380//105 413//105
f 413//105 380//105 393//105
f 413//105 393//105 414//105
f 414//105 393//105 392//105
f 414//105 392//105 415//105
f 415//105 392//105 391//105
f 415//105 391//105 416//105
f 416//105 391//105 390//105
f 416//105 390//105 417//105
f 417//105 390//105 389//105
f 417//105 389//105 418//105
f 418//105 389//105 388//105
f 418//105 388//105 419//105
f 419//105 388//105 387//105
f 419//105 387//105 420//105
f 420//105 387//105 386//105
f 420//105 386//105 421//105
f 421//105 386//105 384//105
f 421//105 384//105 422//105
f 422//105 384//105 382//105
f 422//105 382//105 423//105
f 423//105 382//105 394//105
f 423//105 394//105 424//105
f 424//105 394//105 395//105
f 424//105 395//105 425//105
f 425//105 395//105 396//105
f 425//105 396//105 426//105
f 426//105 396//105 397//105
f 426//105 397//105 427//105
f 427//105 397//105 398//105
f 427//105 398//105 428//105
f 428//105 398//105 399//105
f 428//105 399//105 429//105
f 429//105 399//105 400//105
f 429//105 400//105 430//105
f 430//105 400//105 401//105
f 430//105 401//105 431//105
f 431//105 401//105 409//105
f 412//105 432//105 380//105
f 380//105 432//105 433//105
f 380//105 433//105 189//105
f 189//105 433//105 434//105
f 189//105 434//105 402//105
f 405//105 435//105 189//105
f 189//105 435//105 436//105
f 189//105 436//105 191//105
f 191//105 436//105 437//105
f 191//105 437//105 406//105
f 137//104 262//104 135//104
f 135//104 262//104 140//104
f 135//104 140//104 438//104
f 438//104 140//104 439//104
f 440//106 441//106 442//106
f 443//106 140//106 444//106
f 444//106 140//106 139//106
f 444//106 139//106 445//106
f 446//106 447//106 448//106
f 448//106 447//106 449//106
f 448//106 449//106 450//106
f 450//106 451//106 448//106
f 448//106 451//106 452//106
f 448//106 452//106 139//106
f 139//106 452//106 453//106
f 139//106 453//106 445//106
f 443//106 454//106 140//106
f 140//106 454//106 455//106
f 140//106 455//106 439//106
f 439//106 455//106 456//106
f 440//106 442//106 448//106
f 448//106 442//106 457//106
f 448//106 457//106 446//106
f 456//106 458//106 439//106
f 439//106 458//106 459//106
f 439//106 459//106 460//106
f 460//106 459//106 461//106
f 460//106 461//106 462//106
f 462//106 461//106 463//106
f 462//106 463//106 464//106
f 464//106 463//106 465//106
f 464//106 465//106 466//106
f 466//106 465//106 467//106
f 466//106 467//106 468//106
f 468//106 467//106 469//106
f 468//106 469//106 470//106
f 470//106 469//106 471//106
f 470//106 471//106 472//106
f 472//106 471//106 473//106
f 472//106 473//106 474//106
f 474//106 473//106 475//106
f 474//106 475//106 476//106
f 476//106 475//106 477//106
f 476//106 477//106 478//106
f 478//106 477//106 479//106
f 478//106 479//106 480//106
f 480//106 479//106 481//106
f 480//106 481//106 482//106
f 482//106 481//106 483//106
f 482//106 483//106 484//106
f 484//106 483//106 485//106
f 484//106 485//106 486//106
f 486//106 485//106 487//106
f 486//106 487//106 488//106
f 488//106 487//106 489//106
f 488//106 489//106 490//106
f 490//106 489//106 491//106
f 490//106 491//106 492//106
f 492//106 491//106 493//106
f 492//106 493//106 440//106
f 440//106 493//106 494//106
f 440//106 494//106 441//106
f 495//105 440//105 136//105
f 136//105 440//105 448//105
f 136//105 448//105 138//105
f 138//105 448//105 496//105
f 497//107 132//107 498//107
f 498//107 132//107 499//107
f 500//107 501//107 144//107
f 144//107 501//107 502//107
f 144//107 502//107 132//107
f 132//107 502//107 503//107
f 132//107 503//107 499//107
f 504//107 134//107 505//107
f 505//107 134//107 132//107
f 505//107 132//107 506//107
f 506//107 132//107 497//107
f 507//107 129//107 508//107
f 508//107 129//107 128//107
f 508//107 128//107 509//107
f 507//107 510//107 129//107
f 129//107 510//107 511//107
f 129//107 511//107 144//107
f 144//107 511//107 512//107
f 144//107 512//107 500//107
f 504//107 513//107 134//107
f 134//107 513//107 514//107
f 134//107 514//107 515//107
f 515//107 514//107 516//107
f 515//107 516//107 517//107
f 517//107 516//107 518//107
f 517//107 518//107 519//107
f 519//107 518//107 520//107
f 519//107 520//107 521//107
f 521//107 520//107 522//107
f 521//107 522//107 523//107
f 523//107 522//107 524//107
f 523//107 524//107 525//107
f 525//107 524//107 526//107
f 525//107 526//107 527//107
f 527//107 526//107 528//107
f 527//107 528//107 529//107
f 529//107 528//107 530//107
f 529//107 530//107 531//107
f 531//107 530//107 532//107
f 531//107 532//107 533//107
f 533//107 532//107 534//107
f 533//107 534//107 535//107
f 535//107 534//107 536//107
f 535//107 536//107 537//107
f 537//107 536//107 538//107
f 537//107 538//107 539//107
f 539//107 538//107 540//107
f 539//107 540//107 541//107
f 541//107 540//107 542//107
f 541//107 542//107 543//107
f 543//107 542//107 544//107
f 543//107 544//107 545//107
f 545//107 544//107 546//107
f 545//107 546//107 547//107
f 547//107 546//107 548//107
f 547//107 548//107 128//107
f 128//107 548//107 549//107
f 128//107 549//107 509//107
f 550//238 502//238 551//238
f 551//239 502//239 501//239
f 551//240 501//240 552//240
f 552//240 501//240 500//240
f 552//241 500//241 553//241
f 553//241 500//241 512//241
f 553//242 512//242 554//242
f 554//243 512//243 511//243
f 554//244 511//244 555//244
f 555//244 511//244 510//244
f 555//245 510//245 556//245
f 556//246 510//246 507//246
f 556//247 507//247 557//247
f 557//247 507//247 508//247
f 557//248 508//248 558//248
f 558//248 508//248 509//248
f 558//249 509//249 559//249
f 559//249 509//249 549//249
f 559//250 549//250 560//250
f 560//250 549//250 548//250
f 560//251 548//251 561//251
f 561//251 548//251 546//251
f 561//252 546//252 562//252
f 562//252 546//252 544//252
f 562//253 544//253 563//253
f 563//254 544//254 542//254
f 563//255 542//255 564//255
f 564//255 542//255 540//255
f 564//256 540//256 565//256
f 565//256 540//256 538//256
f 565//257 538//257 566//257
f 566//257 538//257 536//257
f 566//258 536//258 567//258
f 567//258 536//258 534//258
f 567//259 534//259 568//259
f 568//260 534//260 532//260
f 568//261 532//261 569//261
f 569//262 532//262 530//262
f 569//263 530//263 570//263
f 570//263 530//263 528//263
f 570//264 528//264 571//264
f 571//264 528//264 526//264
f 571//265 526//265 572//265
f 572//265 526//265 524//265
f 572//266 524//266 573//266
f 573//266 524//266 522//266
f 573//267 522//267 574//267
f 574//268 522//268 520//268
f 574//269 520//269 575//269
f 575//269 520//269 518//269
f 575//270 518//270 576//270
f 576//270 518//270 516//270
f 576//271 516//271 577//271
f 577//271 516//271 514//271
f 577//272 514//272 578//272
f 578//272 514//272 513//272
f 578//273 513//273 579//273
f 579//273 513//273 504//273
f 579//274 504//274 580//274
f 580//274 504//274 505//274
f 580//275 505//275 581//275
f 581//276 505//276 506//276
f 581//277 506//277 582//277
f 582//277 506//277 497//277
f 582//278 497//278 583//278
f 583//279 497//279 498//279
f 583//280 498//280 584//280
f 584//280 498//280 499//280
f 584//281 499//281 585//281
f 585//281 499//281 503//281
f 585//282 503//282 550//282
f 550//283 503//283 502//283
f 133//249 134//249 515//249
f 133//249 515//249 586//249
f 586//248 515//248 517//248
f 586//248 517//248 587//248
f 587//247 517//247 519//247
f 587//247 519//247 588//247
f 588//245 519//245 521//245
f 588//245 521//245 589//245
f 589//244 521//244 523//244
f 589//244 523//244 590//244
f 590//243 523//243 525//243
f 590//243 525//243 591//243
f 591//241 525//241 527//241
f 591//241 527//241 592//241
f 592//240 527//240 529//240
f 592//240 529//240 593//240
f 593//238 529//238 531//238
f 593//239 531//239 594//239
f 594//282 531//282 533//282
f 594//283 533//283 595//283
f 595//281 533//281 535//281
f 595//281 535//281 596//281
f 596//280 535//280 537//280
f 596//280 537//280 597//280
f 597//278 537//278 539//278
f 597//278 539//278 598//278
f 598//277 539//277 541//277
f 598//277 541//277 599//277
f 599//276 541//276 543//276
f 599//276 543//276 600//276
f 600//274 543//274 545//274
f 600//274 545//274 601//274
f 601//273 545//273 547//273
f 601//273 547//273 602//273
f 602//272 547//272 128//272
f 602//272 128//272 127//272
f 133//106 578//106 579//106
f 581//106 582//106 123//106
f 123//106 582//106 583//106
f 123//106 583//106 584//106
f 584//106 585//106 123//106
f 123//106 585//106 550//106
f 123//106 550//106 124//106
f 124//106 550//106 551//106
f 133//106 579//106 123//106
f 123//106 579//106 580//106
f 123//106 580//106 581//106
f 551//106 552//106 124//106
f 124//106 552//106 553//106
f 124//106 553//106 554//106
f 554//106 555//106 124//106
f 124//106 555//106 556//106
f 124//106 556//106 127//106
f 127//106 556//106 557//106
f 557//106 558//106 127//106
f 127//106 558//106 559//106
f 127//106 559//106 602//106
f 602//106 559//106 560//106
f 602//106 560//106 601//106
f 601//106 560//106 561//106
f 601//106 561//106 600//106
f 600//106 561//106 562//106
f 600//106 562//106 599//106
f 599//106 562//106 563//106
f 599//106 563//106 598//106
f 598//106 563//106 564//106
f 598//106 564//106 597//106
f 597//106 564//106 565//106
f 597//106 565//106 596//106
f 596//106 565//106 566//106
f 596//106 566//106 595//106
f 595//106 566//106 567//106
f 595//106 567//106 594//106
f 594//106 567//106 568//106
f 594//106 568//106 593//106
f 593//106 568//106 569//106
f 593//106 569//106 592//106
f 592//106 569//106 570//106
f 592//106 570//106 591//106
f 591//106 570//106 571//106
f 591//106 571//106 590//106
f 590//106 571//106 572//106
f 590//106 572//106 589//106
f 589//106 572//106 573//106
f 589//106 573//106 588//106
f 588//106 573//106 574//106
f 588//106 574//106 587//106
f 587//106 574//106 575//106
f 587//106 575//106 586//106
f 586//106 575//106 576//106
f 586//106 576//106 133//106
f 133//106 576//106 577//106
f 133//106 577//106 578//106
f 603//271 494//271 604//271
f 604//271 494//271 493//271
f 604//270 493//270 605//270
f 605//270 493//270 491//270
f 605//269 491//269 606//269
f 606//269 491//269 489//269
f 606//268 489//268 607//268
f 607//267 489//267 487//267
f 607//266 487//266 608//266
f 608//266 487//266 485//266
f 608//265 485//265 609//265
f 609//284 485//284 483//284
f 609//264 483//264 610//264
f 610//264 483//264 481//264
f 610//263 481//263 611//263
f 611//263 481//263 479//263
f 611//261 479//261 612//261
f 612//262 479//262 477//262
f 612//259 477//259 613//259
f 613//260 477//260 475//260
f 613//258 475//258 614//258
f 614//258 475//258 473//258
f 614//257 473//257 615//257
f 615//257 473//257 471//257
f 615//285 471//285 616//285
f 616//256 471//256 469//256
f 616//255 469//255 617//255
f 617//255 469//255 467//255
f 617//254 467//254 618//254
f 618//253 467//253 465//253
f 618//252 465//252 619//252
f 619//252 465//252 463//252
f 619//251 463//251 620//251
f 620//251 463//251 461//251
f 620//250 461//250 621//250
f 621//250 461//250 459//250
f 621//249 459//249 622//249
f 622//249 459//249 458//249
f 622//248 458//248 623//248
f 623//248 458//248 456//248
f 623//247 456//247 624//247
f 624//247 456//247 455//247
f 624//246 455//246 625//246
f 625//245 455//245 454//245
f 625//244 454//244 626//244
f 626//244 454//244 443//244
f 626//243 443//243 627//243
f 627//242 443//242 444//242
f 627//241 444//241 628//241
f 628//241 444//241 445//241
f 628//240 445//240 629//240
f 629//240 445//240 453//240
f 629//239 453//239 630//239
f 630//238 453//238 452//238
f 630//283 452//283 631//283
f 631//282 452//282 451//282
f 631//281 451//281 632//281
f 632//281 451//281 450//281
f 632//280 450//280 633//280
f 633//280 450//280 449//280
f 633//279 449//279 634//279
f 634//278 449//278 447//278
f 634//277 447//277 635//277
f 635//277 447//277 446//277
f 635//276 446//276 636//276
f 636//275 446//275 457//275
f 636//274 457//274 637//274
f 637//274 457//274 442//274
f 637//273 442//273 638//273
f 638//273 442//273 441//273
f 638//272 441//272 603//272
f 603//272 441//272 494//272
f 438//272 439//272 460//272
f 438//272 460//272 639//272
f 639//273 460//273 462//273
f 639//273 462//273 640//273
f 640//274 462//274 464//274
f 640//274 464//274 641//274
f 641//276 464//276 466//276
f 641//276 466//276 642//276
f 642//277 466//277 468//277
f 642//277 468//277 643//277
f 643//278 468//278 470//278
f 643//278 470//278 644//278
f 644//280 470//280 472//280
f 644//280 472//280 645//280
f 645//281 472//281 474//281
f 645//281 474//281 646//281
f 646//283 474//283 476//283
f 646//282 476//282 647//282
f 647//239 476//239 478//239
f 647//238 478//238 648//238
f 648//240 478//240 480//240
f 648//240 480//240 649//240
f 649//241 480//241 482//241
f 649//241 482//241 650//241
f 650//243 482//243 484//243
f 650//243 484//243 651//243
f 651//244 484//244 486//244
f 651//244 486//244 652//244
f 652//245 486//245 488//245
f 652//245 488//245 653//245
f 653//247 488//247 490//247
f 653//247 490//247 654//247
f 654//248 490//248 492//248
f 654//248 492//248 655//248
f 655//249 492//249 440//249
f 655//249 440//249 495//249
f 624//107 625//107 135//107
f 135//107 625//107 626//107
f 135//107 626//107 627//107
f 624//107 135//107 623//107
f 623//107 135//107 438//107
f 623//107 438//107 622//107
f 627//107 628//107 135//107
f 135//107 628//107 629//107
f 135//107 629//107 136//107
f 136//107 629//107 630//107
f 136//107 630//107 631//107
f 631//107 632//107 136//107
f 136//107 632//107 633//107
f 136//107 633//107 634//107
f 637//107 495//107 636//107
f 636//107 495//107 136//107
f 636//107 136//107 635//107
f 635//107 136//107 634//107
f 637//107 638//107 495//107
f 495//107 638//107 603//107
f 495//107 603//107 655//107
f 655//107 603//107 604//107
f 655//107 604//107 654//107
f 654//107 604//107 605//107
f 654//107 605//107 653//107
f 653//107 605//107 606//107
f 653//107 606//107 652//107
f 652//107 606//107 607//107
f 652//107 607//107 651//107
f 651//107 607//107 608//107
f 651//107 608//107 650//107
f 650//107 608//107 609//107
f 650//107 609//107 649//107
f 649//107 609//107 610//107
f 649//107 610//107 648//107
f 648//107 610//107 611//107
f 648//107 611//107 647//107
f 647//107 611//107 612//107
f 647//107 612//107 646//107
f 646//107 612//107 613//107
f 646//107 613//107 645//107
f 645//107 613//107 614//107
f 645//107 614//107 644//107
f 644//107 614//107 615//107
f 644//107 615//107 643//107
f 643//107 615//107 616//107
f 643//107 616//107 642//107
f 642//107 616//107 617//107
f 642//107 617//107 641//107
f 641//107 617//107 618//107
f 641//107 618//107 640//107
f 640//107 618//107 619//107
f 640//107 619//107 639//107
f 639//107 619//107 620//107
f 639//107 620//107 438//107
f 438//107 620//107 621//107
f 438//107 621//107 622//107
f 656//106 131//106 130//106
f 130//106 131//106 125//106
f 130//106 125//106 126//106
f 137//107 138//107 262//107
f 262//107 138//107 496//107
f 262//107 496//107 657//107
f 656//105 130//105 262//105
f 262//105 657//105 656//105
f 656//105 657//105 195//105
f 656//105 195//105 194//105
f 658//105 659//105 657//105
f 194//105 660//105 656//105
f 656//105 660//105 661//105
f 656//105 661//105 662//105
f 663//105 664//105 665//105
f 659//105 666//105 657//105
f 657//105 666//105 667//105
f 657//105 667//105 195//105
f 662//105 668//105 656//105
f 656//105 668//105 663//105
f 656//105 663//105 669//105
f 669//286 663//286 665//286
f 657//105 670//105 671//105
f 671//287 672//287 657//287
f 657//105 672//105 673//105
f 657//105 673//105 658//105
f 674//288 675//288 676//288
f 675//289 674//289 677//289
f 677//229 674//229 678//229
f 677//290 678//290 679//290
f 679//291 678//291 680//291
f 679//292 680//292 681//292
f 681//293 680//293 682//293
f 682//294 680//294 683//294
f 682//295 683//295 684//295
f 684//296 683//296 685//296
f 685//226 683//226 686//226
f 685//297 686//297 687//297
f 687//180 686//180 688//180
f 687//180 688//180 689//180
f 690//177 691//177 688//177
f 688//298 691//298 692//298
f 688//299 692//299 689//299
f 693//183 694//183 695//183
f 695//300 696//300 693//300
f 693//301 696//301 697//301
f 693//186 697//186 690//186
f 690//302 697//302 698//302
f 690//303 698//303 691//303
f 699//304 700//304 701//304
f 701//190 700//190 702//190
f 701//191 702//191 694//191
f 694//305 702//305 703//305
f 694//306 703//306 695//306
f 704//307 705//307 699//307
f 699//308 705//308 706//308
f 699//196 706//196 700//196
f 707//309 708//309 704//309
f 704//198 708//198 709//198
f 704//310 709//310 705//310
f 710//234 711//234 712//234
f 712//233 711//233 713//233
f 712//233 713//233 714//233
f 714//311 713//311 715//311
f 714//312 715//312 707//312
f 707//313 715//313 716//313
f 707//314 716//314 708//314
f 717//315 718//315 710//315
f 710//316 718//316 719//316
f 710//234 719//234 711//234
f 720//317 721//317 717//317
f 717//318 721//318 722//318
f 717//319 722//319 718//319
f 723//320 724//320 720//320
f 720//321 724//321 725//321
f 720//219 725//219 721//219
f 726//322 727//322 723//322
f 723//323 727//323 728//323
f 723//324 728//324 724//324
f 726//325 723//325 729//325
f 729//326 723//326 730//326
f 729//327 730//327 731//327
f 731//328 730//328 732//328
f 731//329 732//329 733//329
f 733//330 732//330 734//330
f 734//331 732//331 735//331
f 734//332 735//332 736//332
f 736//333 735//333 737//333
f 737//334 735//334 738//334
f 737//335 738//335 739//335
f 739//127 738//127 740//127
f 739//127 740//127 741//127
f 742//124 743//124 740//124
f 740//336 743//336 744//336
f 740//337 744//337 741//337
f 745//130 746//130 747//130
f 747//338 748//338 745//338
f 745//339 748//339 749//339
f 745//133 749//133 742//133
f 742//340 749//340 750//340
f 742//341 750//341 743//341
f 751//342 752//342 753//342
f 753//138 752//138 754//138
f 753//137 754//137 746//137
f 746//343 754//343 755//343
f 746//344 755//344 747//344
f 756//345 757//345 751//345
f 751//346 757//346 758//346
f 751//347 758//347 752//347
f 759//348 760//348 756//348
f 756//349 760//349 761//349
f 756//350 761//350 757//350
f 762//351 763//351 764//351
f 764//352 763//352 765//352
f 764//352 765//352 766//352
f 766//353 765//353 767//353
f 766//354 767//354 759//354
f 759//355 767//355 768//355
f 759//356 768//356 760//356
f 769//357 770//357 762//357
f 762//358 770//358 771//358
f 762//351 771//351 763//351
f 772//359 773//359 769//359
f 769//360 773//360 774//360
f 769//361 774//361 770//361
f 676//362 775//362 674//362
f 674//363 775//363 776//363
f 674//364 776//364 772//364
f 772//365 776//365 777//365
f 772//366 777//366 773//366
f 778//367 779//367 780//367
f 780//368 779//368 781//368
f 780//369 781//369 782//369
f 782//369 781//369 783//369
f 782//370 783//370 784//370
f 784//370 783//370 785//370
f 784//371 785//371 786//371
f 786//372 785//372 787//372
f 786//373 787//373 788//373
f 788//373 787//373 789//373
f 788//374 789//374 790//374
f 790//374 789//374 791//374
f 790//375 791//375 792//375
f 792//375 791//375 793//375
f 792//376 793//376 794//376
f 794//376 793//376 795//376
f 794//377 795//377 796//377
f 796//377 795//377 797//377
f 796//378 797//378 798//378
f 798//378 797//378 799//378
f 798//379 799//379 800//379
f 800//379 799//379 801//379
f 800//380 801//380 802//380
f 802//380 801//380 803//380
f 802//381 803//381 804//381
f 804//381 803//381 805//381
f 804//382 805//382 806//382
f 806//382 805//382 807//382
f 806//383 807//383 808//383
f 808//384 807//384 809//384
f 808//385 809//385 810//385
f 810//385 809//385 811//385
f 810//386 811//386 812//386
f 812//386 811//386 813//386
f 812//387 813//387 814//387
f 814//388 813//388 815//388
f 814//389 815//389 816//389
f 816//390 815//390 817//390
f 816//391 817//391 818//391
f 818//391 817//391 819//391
f 818//392 819//392 820//392
f 820//392 819//392 821//392
f 820//393 821//393 822//393
f 822//394 821//394 823//394
f 822//395 823//395 824//395
f 824//395 823//395 825//395
f 824//396 825//396 826//396
f 826//396 825//396 827//396
f 826//397 827//397 828//397
f 828//397 827//397 829//397
f 828//398 829//398 830//398
f 830//398 829//398 831//398
f 830//399 831//399 832//399
f 832//399 831//399 833//399
f 832//400 833//400 834//400
f 834//400 833//400 835//400
f 834//401 835//401 836//401
f 836//401 835//401 837//401
f 836//402 837//402 838//402
f 838//402 837//402 839//402
f 838//403 839//403 840//403
f 840//403 839//403 841//403
f 840//404 841//404 842//404
f 842//404 841//404 843//404
f 842//405 843//405 844//405
f 844//406 843//406 845//406
f 844//407 845//407 846//407
f 846//407 845//407 847//407
f 846//408 847//408 848//408
f 848//408 847//408 849//408
f 848//409 849//409 778//409
f 778//410 849//410 779//410
f 802//111 850//111 800//111
f 800//111 850//111 851//111
f 800//111 851//111 798//111
f 798//111 851//111 852//111
f 798//111 852//111 796//111
f 796//111 852//111 853//111
f 796//111 853//111 794//111
f 794//111 853//111 854//111
f 794//111 854//111 792//111
f 792//111 854//111 855//111
f 792//111 855//111 790//111
f 790//111 855//111 856//111
f 790//111 856//111 788//111
f 788//111 856//111 857//111
f 788//111 857//111 786//111
f 786//111 857//111 858//111
f 786//111 858//111 784//111
f 784//111 858//111 859//111
f 784//111 859//111 782//111
f 782//111 859//111 860//111
f 782//111 860//111 780//111
f 780//111 860//111 861//111
f 780//111 861//111 778//111
f 778//111 861//111 862//111
f 778//111 862//111 848//111
f 848//111 862//111 863//111
f 848//111 863//111 846//111
f 846//111 863//111 864//111
f 846//111 864//111 844//111
f 844//111 864//111 865//111
f 844//111 865//111 842//111
f 842//111 865//111 866//111
f 842//111 866//111 840//111
f 840//111 866//111 867//111
f 840//111 867//111 838//111
f 838//111 867//111 868//111
f 838//111 868//111 836//111
f 836//111 868//111 869//111
f 836//111 869//111 834//111
f 834//111 869//111 870//111
f 834//111 870//111 832//111
f 832//111 870//111 871//111
f 832//111 871//111 830//111
f 830//111 871//111 872//111
f 830//111 872//111 828//111
f 828//111 872//111 873//111
f 828//111 873//111 826//111
f 826//111 873//111 874//111
f 826//111 874//111 824//111
f 824//111 874//111 875//111
f 824//111 875//111 822//111
f 822//111 875//111 876//111
f 822//111 876//111 820//111
f 820//111 876//111 877//111
f 820//111 877//111 818//111
f 818//111 877//111 878//111
f 818//111 878//111 816//111
f 816//111 878//111 879//111
f 816//111 879//111 814//111
f 814//111 879//111 880//111
f 814//111 880//111 812//111
f 812//111 880//111 881//111
f 812//111 881//111 810//111
f 810//111 881//111 882//111
f 810//111 882//111 808//111
f 808//111 882//111 883//111
f 808//111 883//111 806//111
f 806//111 883//111 884//111
f 806//111 884//111 804//111
f 804//111 884//111 885//111
f 804//111 885//111 802//111
f 802//111 885//111 850//111
f 706//411 705//411 881//411
f 758//412 757//412 886//412
f 776//413 887//413 777//413
f 777//414 887//414 888//414
f 777//415 888//415 773//415
f 775//416 676//416 875//416
f 875//417 676//417 675//417
f 875//395 675//395 876//395
f 889//418 763//418 888//418
f 888//419 763//419 771//419
f 771//420 770//420 888//420
f 888//421 770//421 774//421
f 888//422 774//422 773//422
f 886//391 757//391 890//391
f 890//423 757//423 761//423
f 890//424 761//424 760//424
f 760//425 768//425 890//425
f 890//426 768//426 767//426
f 890//427 767//427 889//427
f 889//428 767//428 765//428
f 889//429 765//429 763//429
f 758//430 886//430 752//430
f 752//431 886//431 891//431
f 752//432 891//432 754//432
f 892//433 747//433 891//433
f 891//434 747//434 755//434
f 891//435 755//435 754//435
f 893//436 744//436 743//436
f 743//437 750//437 893//437
f 893//438 750//438 749//438
f 893//439 749//439 892//439
f 892//440 749//440 748//440
f 892//411 748//411 747//411
f 744//441 893//441 741//441
f 741//442 893//442 894//442
f 741//443 894//443 739//443
f 895//444 731//444 733//444
f 733//445 734//445 895//445
f 895//446 734//446 736//446
f 895//447 736//447 894//447
f 894//448 736//448 737//448
f 894//449 737//449 739//449
f 724//450 885//450 725//450
f 725//451 885//451 884//451
f 725//452 884//452 721//452
f 728//453 727//453 896//453
f 896//454 727//454 726//454
f 896//382 726//382 895//382
f 895//455 726//455 729//455
f 895//452 729//452 731//452
f 883//456 711//456 884//456
f 884//457 711//457 719//457
f 719//458 718//458 884//458
f 884//459 718//459 722//459
f 884//460 722//460 721//460
f 881//386 705//386 882//386
f 882//461 705//461 709//461
f 882//462 709//462 708//462
f 708//463 716//463 882//463
f 882//464 716//464 715//464
f 882//465 715//465 883//465
f 883//466 715//466 713//466
f 883//467 713//467 711//467
f 706//468 881//468 700//468
f 700//469 881//469 880//469
f 700//470 880//470 702//470
f 879//471 695//471 880//471
f 880//472 695//472 703//472
f 880//473 703//473 702//473
f 878//474 692//474 691//474
f 691//475 698//475 878//475
f 878//476 698//476 697//476
f 878//477 697//477 879//477
f 879//478 697//478 696//478
f 879//412 696//412 695//412
f 692//479 878//479 689//479
f 689//480 878//480 877//480
f 689//481 877//481 687//481
f 675//482 677//482 876//482
f 876//483 677//483 679//483
f 876//484 679//484 681//484
f 681//485 682//485 876//485
f 876//486 682//486 684//486
f 876//487 684//487 877//487
f 877//488 684//488 685//488
f 877//489 685//489 687//489
f 724//490 728//490 885//490
f 885//491 728//491 896//491
f 885//381 896//381 850//381
f 850//381 896//381 897//381
f 850//380 897//380 851//380
f 851//380 897//380 898//380
f 851//379 898//379 852//379
f 852//379 898//379 899//379
f 852//378 899//378 853//378
f 853//378 899//378 900//378
f 853//377 900//377 854//377
f 854//377 900//377 901//377
f 854//376 901//376 855//376
f 855//376 901//376 902//376
f 855//375 902//375 856//375
f 856//375 902//375 903//375
f 856//374 903//374 857//374
f 857//374 903//374 904//374
f 857//373 904//373 858//373
f 858//373 904//373 905//373
f 858//372 905//372 859//372
f 859//372 905//372 906//372
f 859//370 906//370 860//370
f 860//370 906//370 907//370
f 860//369 907//369 861//369
f 861//369 907//369 908//369
f 861//368 908//368 862//368
f 862//368 908//368 909//368
f 862//409 909//409 863//409
f 863//409 909//409 910//409
f 863//408 910//408 864//408
f 864//408 910//408 911//408
f 864//407 911//407 865//407
f 865//407 911//407 912//407
f 865//405 912//405 866//405
f 866//406 912//406 913//406
f 866//404 913//404 867//404
f 867//404 913//404 914//404
f 867//403 914//403 868//403
f 868//403 914//403 915//403
f 868//402 915//402 869//402
f 869//402 915//402 916//402
f 869//401 916//401 870//401
f 870//401 916//401 917//401
f 870//400 917//400 871//400
f 871//400 917//400 918//400
f 871//399 918//399 872//399
f 872//399 918//399 919//399
f 872//398 919//398 873//398
f 873//398 919//398 920//398
f 873//397 920//397 874//397
f 874//397 920//397 921//397
f 874//396 921//396 875//396
f 875//396 921//396 887//396
f 875//492 887//492 775//492
f 775//493 887//493 776//493
f 781//494 922//494 783//494
f 783//494 922//494 923//494
f 783//495 923//495 785//495
f 785//496 923//496 924//496
f 785//497 924//497 787//497
f 787//497 924//497 925//497
f 787//498 925//498 789//498
f 789//498 925//498 926//498
f 789//499 926//499 791//499
f 791//500 926//500 927//500
f 791//501 927//501 793//501
f 793//501 927//501 928//501
f 793//502 928//502 795//502
f 795//502 928//502 929//502
f 795//503 929//503 797//503
f 797//503 929//503 930//503
f 797//504 930//504 799//504
f 799//504 930//504 931//504
f 799//505 931//505 801//505
f 801//505 931//505 932//505
f 801//506 932//506 803//506
f 803//506 932//506 933//506
f 803//507 933//507 805//507
f 805//508 933//508 934//508
f 805//509 934//509 807//509
f 807//509 934//509 935//509
f 807//510 935//510 809//510
f 809//511 935//511 936//511
f 809//512 936//512 811//512
f 811//513 936//513 937//513
f 811//514 937//514 813//514
f 813//514 937//514 938//514
f 813//515 938//515 815//515
f 815//515 938//515 939//515
f 815//516 939//516 817//516
f 817//516 939//516 940//516
f 817//517 940//517 819//517
f 819//517 940//517 941//517
f 819//518 941//518 821//518
f 821//518 941//518 942//518
f 821//519 942//519 823//519
f 823//519 942//519 943//519
f 823//520 943//520 825//520
f 825//520 943//520 944//520
f 825//521 944//521 827//521
f 827//522 944//522 945//522
f 827//523 945//523 829//523
f 829//523 945//523 946//523
f 829//524 946//524 831//524
f 831//524 946//524 947//524
f 831//525 947//525 833//525
f 833//525 947//525 948//525
f 833//526 948//526 835//526
f 835//526 948//526 949//526
f 835//527 949//527 837//527
f 837//527 949//527 950//527
f 837//528 950//528 839//528
f 839//528 950//528 951//528
f 839//529 951//529 841//529
f 841//530 951//530 952//530
f 841//531 952//531 843//531
f 843//531 952//531 953//531
f 843//532 953//532 845//532
f 845//532 953//532 954//532
f 845//533 954//533 847//533
f 847//534 954//534 955//534
f 847//535 955//535 849//535
f 849//535 955//535 956//535
f 849//536 956//536 779//536
f 779//536 956//536 957//536
f 779//537 957//537 781//537
f 781//537 957//537 922//537
f 957//368 958//368 922//368
f 922//368 958//368 959//368
f 922//369 959//369 923//369
f 923//369 959//369 960//369
f 923//370 960//370 924//370
f 924//370 960//370 961//370
f 924//372 961//372 925//372
f 925//372 961//372 962//372
f 925//373 962//373 926//373
f 926//373 962//373 963//373
f 926//374 963//374 927//374
f 927//374 963//374 964//374
f 927//375 964//375 928//375
f 928//375 964//375 965//375
f 928//376 965//376 929//376
f 929//376 965//376 966//376
f 929//377 966//377 930//377
f 930//377 966//377 967//377
f 930//378 967//378 931//378
f 931//378 967//378 968//378
f 931//379 968//379 932//379
f 932//379 968//379 969//379
f 932//380 969//380 933//380
f 933//380 969//380 970//380
f 933//381 970//381 934//381
f 934//381 970//381 971//381
f 934//382 971//382 935//382
f 935//382 971//382 972//382
f 935//384 972//384 936//384
f 936//384 972//384 973//384
f 936//385 973//385 937//385
f 937//385 973//385 974//385
f 937//386 974//386 938//386
f 938//386 974//386 975//386
f 938//387 975//387 939//387
f 939//387 975//387 976//387
f 939//390 976//390 940//390
f 940//390 976//390 977//390
f 940//391 977//391 941//391
f 941//391 977//391 978//391
f 941//392 978//392 942//392
f 942//392 978//392 979//392
f 942//393 979//393 943//393
f 943//393 979//393 980//393
f 943//395 980//395 944//395
f 944//395 980//395 981//395
f 944//396 981//396 945//396
f 945//396 981//396 982//396
f 945//397 982//397 946//397
f 946//397 982//397 983//397
f 946//398 983//398 947//398
f 947//398 983//398 984//398
f 947//399 984//399 948//399
f 948//399 984//399 985//399
f 948//400 985//400 949//400
f 949//400 985//400 986//400
f 949//401 986//401 950//401
f 950//401 986//401 987//401
f 950//402 987//402 951//402
f 951//402 987//402 988//402
f 951//403 988//403 952//403
f 952//403 988//403 989//403
f 952//404 989//404 953//404
f 953//404 989//404 990//404
f 953//405 990//405 954//405
f 954//405 990//405 991//405
f 954//407 991//407 955//407
f 955//407 991//407 992//407
f 955//408 992//408 956//408
f 956//408 992//408 993//408
f 956//409 993//409 957//409
f 957//409 993//409 958//409
f 892//538 994//538 893//538
f 893//538 994//538 995//538
f 893//539 995//539 894//539
f 894//539 995//539 996//539
f 894//540 996//540 895//540
f 895//540 996//540 997//540
f 895//541 997//541 896//541
f 896//541 997//541 998//541
f 896//542 998//542 897//542
f 897//542 998//542 999//542
f 897//543 999//543 898//543
f 898//543 999//543 1000//543
f 898//544 1000//544 899//544
f 899//544 1000//544 1001//544
f 899//545 1001//545 900//545
f 900//545 1001//545 1002//545
f 900//546 1002//546 901//546
f 901//546 1002//546 1003//546
f 901//547 1003//547 902//547
f 902//547 1003//547 1004//547
f 902//548 1004//548 903//548
f 903//548 1004//548 1005//548
f 903//549 1005//549 904//549
f 904//549 1005//549 1006//549
f 904//550 1006//550 905//550
f 905//550 1006//550 1007//550
f 905//551 1007//551 906//551
f 906//551 1007//551 1008//551
f 906//552 1008//552 907//552
f 907//552 1008//552 1009//552
f 907//553 1009//553 908//553
f 908//553 1009//553 1010//553
f 908//554 1010//554 909//554
f 909//554 1010//554 1011//554
f 909//555 1011//555 910//555
f 910//555 1011//555 1012//555
f 910//556 1012//556 911//556
f 911//556 1012//556 1013//556
f 911//557 1013//557 912//557
f 912//557 1013//557 1014//557
f 912//558 1014//558 913//558
f 913//558 1014//558 1015//558
f 913//559 1015//559 914//559
f 914//560 1015//560 1016//560
f 914//561 1016//561 915//561
f 915//561 1016//561 1017//561
f 915//562 1017//562 916//562
f 916//562 1017//562 1018//562
f 916//563 1018//563 917//563
f 917//563 1018//563 1019//563
f 917//564 1019//564 918//564
f 918//564 1019//564 1020//564
f 918//565 1020//565 919//565
f 919//565 1020//565 1021//565
f 919//566 1021//566 920//566
f 920//566 1021//566 1022//566
f 920//567 1022//567 921//567
f 921//567 1022//567 1023//567
f 921//568 1023//568 887//568
f 887//568 1023//568 1024//568
f 887//569 1024//569 888//569
f 888//570 1024//570 1025//570
f 888//571 1025//571 889//571
f 889//571 1025//571 1026//571
f 889//572 1026//572 890//572
f 890//572 1026//572 1027//572
f 890//573 1027//573 886//573
f 886//573 1027//573 1028//573
f 886//574 1028//574 891//574
f 891//574 1028//574 1029//574
f 891//575 1029//575 892//575
f 892//575 1029//575 994//575
f 1030//576 1031//576 1032//576
f 1033//577 1034//577 1032//577
f 1032//578 1034//578 1035//578
f 1032//579 1035//579 1030//579
f 1008//580 1036//580 1037//580
f 1037//581 1038//581 1008//581
f 1008//582 1038//582 1039//582
f 1008//583 1039//583 1040//583
f 1041//584 1042//584 1043//584
f 1043//585 1042//585 1044//585
f 1043//370 1044//370 1032//370
f 1032//586 1044//586 1045//586
f 1032//587 1045//587 1033//587
f 1046//588 1047//588 1048//588
f 1048//589 1049//589 1046//589
f 1046//590 1049//590 1050//590
f 1046//369 1050//369 1043//369
f 1043//591 1050//591 1051//591
f 1043//592 1051//592 1041//592
f 1052//593 1053//593 1054//593
f 1053//594 1055//594 1054//594
f 1054//595 1055//595 1056//595
f 1054//596 1056//596 1057//596
f 1057//597 1056//597 1058//597
f 1057//368 1058//368 1046//368
f 1046//598 1058//598 1059//598
f 1046//599 1059//599 1047//599
f 1060//600 1061//600 1062//600
f 1062//601 1061//601 1063//601
f 1062//602 1063//602 1054//602
f 1054//603 1063//603 1064//603
f 1054//604 1064//604 1052//604
f 1065//605 1066//605 1014//605
f 1067//606 1068//606 1014//606
f 1014//607 1068//607 1069//607
f 1014//608 1069//608 1065//608
f 1070//609 1071//609 1072//609
f 1071//610 1073//610 1072//610
f 1072//611 1073//611 1074//611
f 1072//612 1074//612 1075//612
f 1075//613 1076//613 1072//613
f 1072//614 1076//614 1077//614
f 1072//615 1077//615 1062//615
f 1062//616 1077//616 1078//616
f 1062//617 1078//617 1060//617
f 1079//618 1080//618 1013//618
f 1013//617 1080//617 1081//617
f 1013//407 1081//407 1014//407
f 1014//619 1081//619 1082//619
f 1014//620 1082//620 1067//620
f 1012//621 1083//621 1084//621
f 1084//622 1085//622 1012//622
f 1012//604 1085//604 1086//604
f 1012//408 1086//408 1013//408
f 1013//623 1086//623 1087//623
f 1013//624 1087//624 1079//624
f 1088//625 1089//625 1010//625
f 1089//626 1090//626 1010//626
f 1010//627 1090//627 1091//627
f 1010//628 1091//628 1011//628
f 1011//629 1091//629 1092//629
f 1011//409 1092//409 1012//409
f 1012//630 1092//630 1093//630
f 1012//631 1093//631 1083//631
f 1040//632 1094//632 1008//632
f 1008//633 1094//633 1095//633
f 1008//634 1095//634 1009//634
f 1009//635 1095//635 1096//635
f 1009//636 1096//636 1097//636
f 1097//637 1098//637 1009//637
f 1009//638 1098//638 1099//638
f 1009//639 1099//639 1010//639
f 1010//640 1099//640 1100//640
f 1010//590 1100//590 1088//590
f 1066//641 1070//641 1014//641
f 1014//642 1070//642 1072//642
f 1014//405 1072//405 1015//405
f 1015//405 1072//405 1101//405
f 1015//404 1101//404 1016//404
f 1016//404 1101//404 1102//404
f 1016//403 1102//403 1017//403
f 1017//403 1102//403 1103//403
f 1017//402 1103//402 1018//402
f 1018//402 1103//402 1104//402
f 1018//401 1104//401 1019//401
f 1019//401 1104//401 1105//401
f 1019//400 1105//400 1020//400
f 1020//400 1105//400 1106//400
f 1020//399 1106//399 1021//399
f 1021//399 1106//399 1107//399
f 1021//398 1107//398 1022//398
f 1022//398 1107//398 1108//398
f 1022//397 1108//397 1023//397
f 1023//397 1108//397 1109//397
f 1023//396 1109//396 1024//396
f 1024//396 1109//396 1110//396
f 1024//395 1110//395 1025//395
f 1025//395 1110//395 1111//395
f 1025//393 1111//393 1026//393
f 1026//393 1111//393 1112//393
f 1026//392 1112//392 1027//392
f 1027//392 1112//392 1113//392
f 1027//391 1113//391 1028//391
f 1028//391 1113//391 1114//391
f 1028//390 1114//390 1029//390
f 1029//390 1114//390 1115//390
f 1029//387 1115//387 994//387
f 994//387 1115//387 1116//387
f 994//386 1116//386 995//386
f 995//386 1116//386 1117//386
f 995//385 1117//385 996//385
f 996//385 1117//385 1118//385
f 996//384 1118//384 997//384
f 997//384 1118//384 1119//384
f 997//382 1119//382 998//382
f 998//382 1119//382 1120//382
f 998//381 1120//381 999//381
f 999//381 1120//381 1121//381
f 999//380 1121//380 1000//380
f 1000//380 1121//380 1122//380
f 1000//379 1122//379 1001//379
f 1001//379 1122//379 1123//379
f 1001//378 1123//378 1002//378
f 1002//378 1123//378 1124//378
f 1002//377 1124//377 1003//377
f 1003//377 1124//377 1125//377
f 1003//376 1125//376 1004//376
f 1004//376 1125//376 1126//376
f 1004//375 1126//375 1005//375
f 1005//375 1126//375 1127//375
f 1005//374 1127//374 1006//374
f 1006//374 1127//374 1128//374
f 1006//373 1128//373 1007//373
f 1007//373 1128//373 1129//373
f 1007//372 1129//372 1008//372
f 1008//372 1129//372 1032//372
f 1008//643 1032//643 1036//643
f 1036//644 1032//644 1031//644
f 1091//645 1090//645 1130//645
f 1038//646 1037//646 1131//646
f 1131//647 1037//647 1132//647
f 1038//648 1131//648 1039//648
f 1039//649 1131//649 1133//649
f 1039//650 1133//650 1040//650
f 1040//319 1133//319 1094//319
f 1094//651 1133//651 1134//651
f 1094//652 1134//652 1095//652
f 1095//653 1134//653 1096//653
f 1096//654 1134//654 1135//654
f 1096//655 1135//655 1097//655
f 1097//233 1135//233 1136//233
f 1097//233 1136//233 1098//233
f 1098//232 1136//232 1137//232
f 1098//232 1137//232 1099//232
f 1130//230 1090//230 1138//230
f 1090//656 1089//656 1138//656
f 1138//657 1089//657 1088//657
f 1138//231 1088//231 1137//231
f 1137//658 1088//658 1100//658
f 1137//659 1100//659 1099//659
f 1091//660 1130//660 1092//660
f 1092//222 1130//222 1139//222
f 1092//661 1139//661 1093//661
f 1093//662 1139//662 1140//662
f 1093//663 1140//663 1083//663
f 1083//664 1140//664 1084//664
f 1084//665 1140//665 1141//665
f 1084//666 1141//666 1085//666
f 1085//667 1141//667 1086//667
f 1086//668 1141//668 1142//668
f 1086//669 1142//669 1087//669
f 1087//177 1142//177 1143//177
f 1087//177 1143//177 1079//177
f 1079//180 1143//180 1144//180
f 1079//180 1144//180 1080//180
f 1080//670 1144//670 1081//670
f 1081//671 1144//671 1145//671
f 1081//672 1145//672 1082//672
f 1082//673 1145//673 1067//673
f 1067//674 1145//674 1146//674
f 1067//675 1146//675 1068//675
f 1068//676 1146//676 1069//676
f 1069//677 1146//677 1147//677
f 1069//678 1147//678 1065//678
f 1065//679 1147//679 1066//679
f 1066//680 1147//680 1148//680
f 1066//681 1148//681 1070//681
f 1070//682 1148//682 1071//682
f 1071//683 1148//683 1149//683
f 1071//684 1149//684 1073//684
f 1073//685 1149//685 1074//685
f 1074//686 1149//686 1150//686
f 1074//360 1150//360 1075//360
f 1075//158 1150//158 1076//158
f 1076//687 1150//687 1151//687
f 1076//688 1151//688 1077//688
f 1077//689 1151//689 1078//689
f 1078//690 1151//690 1152//690
f 1078//691 1152//691 1060//691
f 1060//352 1152//352 1153//352
f 1060//352 1153//352 1061//352
f 1061//692 1153//692 1154//692
f 1061//692 1154//692 1063//692
f 1155//693 1156//693 1055//693
f 1055//694 1053//694 1155//694
f 1155//695 1053//695 1052//695
f 1155//696 1052//696 1154//696
f 1154//697 1052//697 1064//697
f 1154//698 1064//698 1063//698
f 1157//699 1059//699 1158//699
f 1158//700 1059//700 1058//700
f 1158//701 1058//701 1156//701
f 1156//702 1058//702 1056//702
f 1156//703 1056//703 1055//703
f 1159//704 1048//704 1157//704
f 1157//705 1048//705 1047//705
f 1157//706 1047//706 1059//706
f 1160//127 1041//127 1161//127
f 1161//124 1041//124 1051//124
f 1161//124 1051//124 1162//124
f 1162//707 1051//707 1050//707
f 1162//708 1050//708 1159//708
f 1159//709 1050//709 1049//709
f 1159//710 1049//710 1048//710
f 1163//711 1044//711 1160//711
f 1160//712 1044//712 1042//712
f 1160//127 1042//127 1041//127
f 1164//713 1033//713 1163//713
f 1163//714 1033//714 1045//714
f 1163//715 1045//715 1044//715
f 1165//716 1035//716 1164//716
f 1164//329 1035//329 1034//329
f 1164//717 1034//717 1033//717
f 1037//718 1036//718 1132//718
f 1132//719 1036//719 1031//719
f 1132//720 1031//720 1165//720
f 1165//113 1031//113 1030//113
f 1165//327 1030//327 1035//327
f 1166//104 212//104 1167//104
f 1167//104 212//104 197//104
f 1167//104 197//104 109//104
f 1168//721 201//721 1169//721
f 1169//722 201//722 260//722
f 1169//723 260//723 1170//723
f 259//724 1171//724 260//724
f 260//725 1171//725 1172//725
f 260//726 1172//726 1170//726
f 257//727 1173//727 259//727
f 259//728 1173//728 1174//728
f 259//729 1174//729 1171//729
f 255//730 1175//730 257//730
f 257//731 1175//731 1176//731
f 257//732 1176//732 1173//732
f 253//733 1177//733 255//733
f 255//734 1177//734 1178//734
f 255//735 1178//735 1175//735
f 1179//736 1180//736 251//736
f 251//737 1180//737 1181//737
f 251//738 1181//738 253//738
f 253//739 1181//739 1182//739
f 253//740 1182//740 1177//740
f 1179//741 251//741 1183//741
f 1183//742 251//742 249//742
f 1183//743 249//743 1184//743
f 1184//744 249//744 1185//744
f 1185//745 249//745 247//745
f 1185//746 247//746 1186//746
f 1186//747 247//747 1187//747
f 1187//748 247//748 245//748
f 1187//749 245//749 1188//749
f 1188//750 245//750 1189//750
f 1189//751 245//751 243//751
f 1189//752 243//752 1190//752
f 1190//753 243//753 1191//753
f 1191//754 243//754 241//754
f 1191//755 241//755 1192//755
f 1192//756 241//756 1193//756
f 1193//757 241//757 239//757
f 1193//758 239//758 1194//758
f 1194//759 239//759 1195//759
f 1195//760 239//760 237//760
f 1195//761 237//761 1196//761
f 235//762 1197//762 237//762
f 237//763 1197//763 1198//763
f 237//764 1198//764 1196//764
f 233//765 1199//765 235//765
f 235//766 1199//766 1200//766
f 235//767 1200//767 1197//767
f 231//768 1201//768 233//768
f 233//769 1201//769 1202//769
f 233//770 1202//770 1199//770
f 229//771 1203//771 231//771
f 231//772 1203//772 1204//772
f 231//773 1204//773 1201//773
f 1205//774 1206//774 227//774
f 227//775 1206//775 1207//775
f 227//776 1207//776 229//776
f 229//777 1207//777 1208//777
f 229//778 1208//778 1203//778
f 122//104 196//104 1209//104
f 1209//104 196//104 225//104
f 1209//104 225//104 1210//104
f 120//103 122//103 1209//103
f 1167//103 109//103 1211//103
f 1211//103 109//103 107//103
f 101//103 1212//103 103//103
f 103//103 1212//103 1213//103
f 103//103 1213//103 105//103
f 105//103 1213//103 1214//103
f 105//103 1214//103 107//103
f 107//103 1214//103 1215//103
f 107//103 1215//103 1211//103
f 1209//103 1216//103 120//103
f 120//103 1216//103 1217//103
f 120//103 1217//103 118//103
f 118//103 1217//103 1218//103
f 118//103 1218//103 116//103
f 116//103 1218//103 1219//103
f 116//103 1219//103 114//103
f 1219//103 1220//103 114//103
f 114//103 1220//103 1221//103
f 114//103 1221//103 112//103
f 112//103 1221//103 1222//103
f 112//103 1222//103 55//103
f 55//103 1222//103 1223//103
f 55//103 1223//103 70//103
f 84//103 1224//103 86//103
f 86//103 1224//103 1225//103
f 86//103 1225//103 90//103
f 90//103 1225//103 1226//103
f 90//103 1226//103 19//103
f 1226//103 1227//103 19//103
f 19//103 1227//103 1228//103
f 19//103 1228//103 17//103
f 17//103 1228//103 1229//103
f 17//103 1229//103 99//103
f 99//103 1229//103 1230//103
f 99//103 1230//103 101//103
f 101//103 1230//103 1231//103
f 101//103 1231//103 1212//103
f 1223//103 1232//103 70//103
f 70//103 1232//103 1233//103
f 70//103 1233//103 75//103
f 75//103 1233//103 1234//103
f 75//103 1234//103 80//103
f 80//103 1234//103 1235//103
f 80//103 1235//103 84//103
f 84//103 1235//103 1236//103
f 84//103 1236//103 1224//103
f 1237//779 1210//779 225//779
f 1238//780 1239//780 224//780
f 224//781 1239//781 1240//781
f 224//782 1240//782 225//782
f 225//783 1240//783 1241//783
f 225//784 1241//784 1237//784
f 1242//785 223//785 1243//785
f 1243//786 223//786 222//786
f 1243//787 222//787 1244//787
f 1242//788 1245//788 223//788
f 223//789 1245//789 1246//789
f 223//790 1246//790 224//790
f 224//791 1246//791 1247//791
f 224//792 1247//792 1238//792
f 221//793 207//793 1248//793
f 1248//794 1249//794 221//794
f 221//795 1249//795 1250//795
f 221//796 1250//796 222//796
f 222//797 1250//797 1251//797
f 222//798 1251//798 1244//798
f 206//799 205//799 1252//799
f 1252//800 1253//800 206//800
f 206//801 1253//801 1254//801
f 206//802 1254//802 207//802
f 207//803 1254//803 1255//803
f 207//804 1255//804 1248//804
f 204//805 201//805 1168//805
f 1168//806 1256//806 204//806
f 204//807 1256//807 1257//807
f 204//808 1257//808 205//808
f 205//809 1257//809 1258//809
f 205//810 1258//810 1252//810
f 1249//811 1248//811 1259//811
f 1255//812 1254//812 1260//812
f 1253//813 1252//813 1261//813
f 1258//814 1257//814 1262//814
f 1256//815 1168//815 1169//815
f 1166//816 1167//816 1211//816
f 1166//817 1211//817 1263//817
f 1264//818 1265//818 1266//818
f 1265//819 1267//819 1266//819
f 1266//820 1267//820 1268//820
f 1266//821 1268//821 1269//821
f 1270//822 1271//822 1272//822
f 1273//823 1274//823 1275//823
f 1275//824 1274//824 1276//824
f 1275//825 1276//825 1277//825
f 1278//826 1279//826 1280//826
f 1278//827 1280//827 1281//827
f 1282//828 1283//828 1284//828
f 1285//829 1286//829 1287//829
f 1288//830 1289//830 1290//830
f 1205//831 1291//831 1292//831
f 1244//832 1251//832 1293//832
f 1293//833 1251//833 1250//833
f 1245//834 1242//834 1294//834
f 1294//835 1242//835 1243//835
f 1238//836 1247//836 1295//836
f 1295//837 1247//837 1246//837
f 1237//838 1241//838 1296//838
f 1296//839 1241//839 1240//839
f 1296//840 1240//840 1239//840
f 1216//841 1209//841 1210//841
f 1257//842 1256//842 1262//842
f 1262//843 1256//843 1169//843
f 1262//844 1169//844 1297//844
f 1169//844 1170//844 1297//844
f 1297//845 1170//845 1172//845
f 1297//846 1172//846 1298//846
f 1172//847 1171//847 1298//847
f 1298//848 1171//848 1174//848
f 1298//849 1174//849 1299//849
f 1299//850 1174//850 1173//850
f 1299//851 1173//851 1300//851
f 1300//851 1173//851 1176//851
f 1300//852 1176//852 1301//852
f 1176//852 1175//852 1301//852
f 1301//853 1175//853 1178//853
f 1301//854 1178//854 1302//854
f 1302//855 1178//855 1177//855
f 1302//856 1177//856 1303//856
f 1177//857 1182//857 1303//857
f 1303//858 1182//858 1181//858
f 1303//859 1181//859 1304//859
f 1181//859 1180//859 1304//859
f 1304//860 1180//860 1179//860
f 1304//861 1179//861 1305//861
f 1305//862 1179//862 1183//862
f 1305//863 1183//863 1306//863
f 1183//864 1184//864 1306//864
f 1306//865 1184//865 1185//865
f 1306//866 1185//866 1307//866
f 1307//866 1185//866 1186//866
f 1307//867 1186//867 1308//867
f 1186//868 1187//868 1308//868
f 1308//869 1187//869 1188//869
f 1308//870 1188//870 1309//870
f 1309//871 1188//871 1189//871
f 1309//872 1189//872 1310//872
f 1310//873 1189//873 1190//873
f 1310//874 1190//874 1311//874
f 1190//874 1191//874 1311//874
f 1311//875 1191//875 1192//875
f 1311//876 1192//876 1312//876
f 1312//877 1192//877 1193//877
f 1312//878 1193//878 1313//878
f 1193//879 1194//879 1313//879
f 1313//880 1194//880 1195//880
f 1313//881 1195//881 1314//881
f 1195//881 1196//881 1314//881
f 1314//882 1196//882 1198//882
f 1314//883 1198//883 1315//883
f 1315//884 1198//884 1197//884
f 1315//885 1197//885 1316//885
f 1197//886 1200//886 1316//886
f 1316//887 1200//887 1199//887
f 1316//888 1199//888 1317//888
f 1317//888 1199//888 1202//888
f 1317//889 1202//889 1318//889
f 1202//889 1201//889 1318//889
f 1318//890 1201//890 1204//890
f 1318//891 1204//891 1319//891
f 1319//892 1204//892 1203//892
f 1319//893 1203//893 1320//893
f 1203//894 1208//894 1320//894
f 1320//895 1208//895 1207//895
f 1320//896 1207//896 1292//896
f 1292//896 1207//896 1206//896
f 1292//897 1206//897 1205//897
f 1291//898 1288//898 1292//898
f 1292//899 1288//899 1290//899
f 1292//900 1290//900 1320//900
f 1320//900 1290//900 1321//900
f 1320//901 1321//901 1319//901
f 1319//902 1321//902 1322//902
f 1319//903 1322//903 1318//903
f 1318//903 1322//903 1323//903
f 1318//904 1323//904 1317//904
f 1317//904 1323//904 1324//904
f 1317//905 1324//905 1316//905
f 1316//905 1324//905 1325//905
f 1316//906 1325//906 1315//906
f 1315//906 1325//906 1326//906
f 1315//907 1326//907 1314//907
f 1314//907 1326//907 1327//907
f 1314//908 1327//908 1313//908
f 1313//909 1327//909 1328//909
f 1313//910 1328//910 1312//910
f 1312//911 1328//911 1329//911
f 1312//912 1329//912 1311//912
f 1311//912 1329//912 1330//912
f 1311//913 1330//913 1310//913
f 1310//913 1330//913 1331//913
f 1310//914 1331//914 1309//914
f 1309//915 1331//915 1332//915
f 1309//916 1332//916 1308//916
f 1308//916 1332//916 1333//916
f 1308//917 1333//917 1307//917
f 1307//918 1333//918 1334//918
f 1307//919 1334//919 1306//919
f 1306//919 1334//919 1335//919
f 1306//920 1335//920 1305//920
f 1305//920 1335//920 1336//920
f 1305//921 1336//921 1304//921
f 1304//922 1336//922 1337//922
f 1304//923 1337//923 1303//923
f 1303//924 1337//924 1338//924
f 1303//925 1338//925 1302//925
f 1302//925 1338//925 1339//925
f 1302//926 1339//926 1301//926
f 1301//927 1339//927 1340//927
f 1301//928 1340//928 1300//928
f 1300//928 1340//928 1341//928
f 1300//929 1341//929 1299//929
f 1299//929 1341//929 1342//929
f 1299//930 1342//930 1298//930
f 1298//930 1342//930 1343//930
f 1298//931 1343//931 1297//931
f 1297//931 1343//931 1344//931
f 1297//932 1344//932 1262//932
f 1262//933 1344//933 1261//933
f 1262//934 1261//934 1258//934
f 1258//935 1261//935 1252//935
f 1289//936 1285//936 1290//936
f 1290//937 1285//937 1287//937
f 1290//938 1287//938 1321//938
f 1321//938 1287//938 1345//938
f 1321//939 1345//939 1322//939
f 1322//939 1345//939 1346//939
f 1322//940 1346//940 1323//940
f 1323//940 1346//940 1347//940
f 1323//941 1347//941 1324//941
f 1324//941 1347//941 1348//941
f 1324//942 1348//942 1325//942
f 1325//942 1348//942 1349//942
f 1325//943 1349//943 1326//943
f 1326//943 1349//943 1350//943
f 1326//944 1350//944 1327//944
f 1327//945 1350//945 1351//945
f 1327//946 1351//946 1328//946
f 1328//946 1351//946 1352//946
f 1328//947 1352//947 1329//947
f 1329//948 1352//948 1353//948
f 1329//949 1353//949 1330//949
f 1330//949 1353//949 1354//949
f 1330//950 1354//950 1331//950
f 1331//950 1354//950 1355//950
f 1331//951 1355//951 1332//951
f 1332//952 1355//952 1356//952
f 1332//953 1356//953 1333//953
f 1333//953 1356//953 1357//953
f 1333//954 1357//954 1334//954
f 1334//955 1357//955 1358//955
f 1334//956 1358//956 1335//956
f 1335//956 1358//956 1359//956
f 1335//957 1359//957 1336//957
f 1336//957 1359//957 1360//957
f 1336//958 1360//958 1337//958
f 1337//959 1360//959 1361//959
f 1337//960 1361//960 1338//960
f 1338//960 1361//960 1362//960
f 1338//961 1362//961 1339//961
f 1339//962 1362//962 1363//962
f 1339//963 1363//963 1340//963
f 1340//964 1363//964 1364//964
f 1340//965 1364//965 1341//965
f 1341//965 1364//965 1365//965
f 1341//966 1365//966 1342//966
f 1342//966 1365//966 1366//966
f 1342//967 1366//967 1343//967
f 1343//967 1366//967 1367//967
f 1343//968 1367//968 1344//968
f 1344//968 1367//968 1368//968
f 1344//969 1368//969 1261//969
f 1261//970 1368//970 1260//970
f 1261//971 1260//971 1253//971
f 1253//972 1260//972 1254//972
f 1286//973 1282//973 1287//973
f 1287//974 1282//974 1284//974
f 1287//975 1284//975 1345//975
f 1345//975 1284//975 1369//975
f 1345//976 1369//976 1346//976
f 1346//976 1369//976 1370//976
f 1346//977 1370//977 1347//977
f 1347//977 1370//977 1371//977
f 1347//978 1371//978 1348//978
f 1348//978 1371//978 1372//978
f 1348//979 1372//979 1349//979
f 1349//980 1372//980 1373//980
f 1349//981 1373//981 1350//981
f 1350//981 1373//981 1374//981
f 1350//982 1374//982 1351//982
f 1351//983 1374//983 1375//983
f 1351//984 1375//984 1352//984
f 1352//984 1375//984 1376//984
f 1352//985 1376//985 1353//985
f 1353//985 1376//985 1377//985
f 1353//986 1377//986 1354//986
f 1354//986 1377//986 1378//986
f 1354//987 1378//987 1355//987
f 1355//987 1378//987 1379//987
f 1355//988 1379//988 1356//988
f 1356//988 1379//988 1380//988
f 1356//989 1380//989 1357//989
f 1357//989 1380//989 1381//989
f 1357//990 1381//990 1358//990
f 1358//991 1381//991 1382//991
f 1358//992 1382//992 1359//992
f 1359//992 1382//992 1383//992
f 1359//993 1383//993 1360//993
f 1360//993 1383//993 1384//993
f 1360//994 1384//994 1361//994
f 1361//995 1384//995 1385//995
f 1361//996 1385//996 1362//996
f 1362//996 1385//996 1386//996
f 1362//997 1386//997 1363//997
f 1363//997 1386//997 1387//997
f 1363//998 1387//998 1364//998
f 1364//999 1387//999 1388//999
f 1364//1000 1388//1000 1365//1000
f 1365//1000 1388//1000 1389//1000
f 1365//1001 1389//1001 1366//1001
f 1366//1001 1389//1001 1390//1001
f 1366//1002 1390//1002 1367//1002
f 1367//1002 1390//1002 1391//1002
f 1367//1003 1391//1003 1368//1003
f 1368//1003 1391//1003 1392//1003
f 1368//1004 1392//1004 1260//1004
f 1260//1004 1392//1004 1259//1004
f 1260//1005 1259//1005 1255//1005
f 1255//1006 1259//1006 1248//1006
f 1283//1007 1281//1007 1284//1007
f 1284//1008 1281//1008 1280//1008
f 1284//1009 1280//1009 1369//1009
f 1369//1009 1280//1009 1393//1009
f 1369//1010 1393//1010 1370//1010
f 1370//1010 1393//1010 1394//1010
f 1370//1011 1394//1011 1371//1011
f 1371//1011 1394//1011 1395//1011
f 1371//1012 1395//1012 1372//1012
f 1372//1013 1395//1013 1396//1013
f 1372//1014 1396//1014 1373//1014
f 1373//1014 1396//1014 1397//1014
f 1373//1015 1397//1015 1374//1015
f 1374//1016 1397//1016 1398//1016
f 1374//1017 1398//1017 1375//1017
f 1375//1018 1398//1018 1399//1018
f 1375//1019 1399//1019 1376//1019
f 1376//1019 1399//1019 1400//1019
f 1376//1020 1400//1020 1377//1020
f 1377//1020 1400//1020 1401//1020
f 1377//1021 1401//1021 1378//1021
f 1378//1022 1401//1022 1402//1022
f 1378//1023 1402//1023 1379//1023
f 1379//1023 1402//1023 1403//1023
f 1379//1024 1403//1024 1380//1024
f 1380//1024 1403//1024 1404//1024
f 1380//1025 1404//1025 1381//1025
f 1381//1025 1404//1025 1405//1025
f 1381//1026 1405//1026 1382//1026
f 1382//1026 1405//1026 1406//1026
f 1382//1027 1406//1027 1383//1027
f 1383//1027 1406//1027 1407//1027
f 1383//1028 1407//1028 1384//1028
f 1384//1029 1407//1029 1408//1029
f 1384//1030 1408//1030 1385//1030
f 1385//1031 1408//1031 1409//1031
f 1385//1032 1409//1032 1386//1032
f 1386//1032 1409//1032 1410//1032
f 1386//1033 1410//1033 1387//1033
f 1387//1033 1410//1033 1411//1033
f 1387//1034 1411//1034 1388//1034
f 1388//1034 1411//1034 1412//1034
f 1388//1035 1412//1035 1389//1035
f 1389//1035 1412//1035 1413//1035
f 1389//1036 1413//1036 1390//1036
f 1390//1036 1413//1036 1414//1036
f 1390//1037 1414//1037 1391//1037
f 1391//1037 1414//1037 1415//1037
f 1391//1038 1415//1038 1392//1038
f 1392//1038 1415//1038 1416//1038
f 1392//1039 1416//1039 1259//1039
f 1259//1039 1416//1039 1293//1039
f 1259//1040 1293//1040 1249//1040
f 1249//1041 1293//1041 1250//1041
f 1279//1042 1273//1042 1280//1042
f 1280//1043 1273//1043 1275//1043
f 1280//1044 1275//1044 1393//1044
f 1393//1044 1275//1044 1417//1044
f 1393//1045 1417//1045 1394//1045
f 1394//1045 1417//1045 1418//1045
f 1394//1046 1418//1046 1395//1046
f 1395//1047 1418//1047 1419//1047
f 1395//1048 1419//1048 1396//1048
f 1396//1048 1419//1048 1420//1048
f 1396//1049 1420//1049 1397//1049
f 1397//1049 1420//1049 1421//1049
f 1397//1050 1421//1050 1398//1050
f 1398//1051 1421//1051 1422//1051
f 1398//1052 1422//1052 1399//1052
f 1399//1052 1422//1052 1423//1052
f 1399//1053 1423//1053 1400//1053
f 1400//1053 1423//1053 1424//1053
f 1400//1054 1424//1054 1401//1054
f 1401//1054 1424//1054 1425//1054
f 1401//1055 1425//1055 1402//1055
f 1402//1055 1425//1055 1426//1055
f 1402//1056 1426//1056 1403//1056
f 1403//1056 1426//1056 1427//1056
f 1403//1057 1427//1057 1404//1057
f 1404//1057 1427//1057 1428//1057
f 1404//1058 1428//1058 1405//1058
f 1405//1058 1428//1058 1429//1058
f 1405//1059 1429//1059 1406//1059
f 1406//1060 1429//1060 1430//1060
f 1406//1061 1430//1061 1407//1061
f 1407//1061 1430//1061 1431//1061
f 1407//1062 1431//1062 1408//1062
f 1408//1062 1431//1062 1432//1062
f 1408//1063 1432//1063 1409//1063
f 1409//1063 1432//1063 1433//1063
f 1409//1064 1433//1064 1410//1064
f 1410//1065 1433//1065 1434//1065
f 1410//1066 1434//1066 1411//1066
f 1411//1066 1434//1066 1435//1066
f 1411//1067 1435//1067 1412//1067
f 1412//1068 1435//1068 1436//1068
f 1412//1069 1436//1069 1413//1069
f 1413//1069 1436//1069 1437//1069
f 1413//1070 1437//1070 1414//1070
f 1414//1070 1437//1070 1438//1070
f 1414//1071 1438//1071 1415//1071
f 1415//1072 1438//1072 1439//1072
f 1415//1073 1439//1073 1416//1073
f 1416//1073 1439//1073 1440//1073
f 1416//1074 1440//1074 1293//1074
f 1293//1074 1440//1074 1294//1074
f 1293//1075 1294//1075 1244//1075
f 1244//1076 1294//1076 1243//1076
f 1277//1077 1270//1077 1275//1077
f 1275//1078 1270//1078 1272//1078
f 1275//1079 1272//1079 1417//1079
f 1417//1079 1272//1079 1441//1079
f 1417//1080 1441//1080 1418//1080
f 1418//1080 1441//1080 1442//1080
f 1418//1081 1442//1081 1419//1081
f 1419//1081 1442//1081 1443//1081
f 1419//1082 1443//1082 1420//1082
f 1420//1082 1443//1082 1444//1082
f 1420//1083 1444//1083 1421//1083
f 1421//1083 1444//1083 1445//1083
f 1421//1084 1445//1084 1422//1084
f 1422//1084 1445//1084 1446//1084
f 1422//1085 1446//1085 1423//1085
f 1423//1085 1446//1085 1447//1085
f 1423//1086 1447//1086 1424//1086
f 1424//1086 1447//1086 1448//1086
f 1424//1087 1448//1087 1425//1087
f 1425//1087 1448//1087 1449//1087
f 1425//1088 1449//1088 1426//1088
f 1426//1089 1449//1089 1450//1089
f 1426//1090 1450//1090 1427//1090
f 1427//1090 1450//1090 1451//1090
f 1427//1091 1451//1091 1428//1091
f 1428//1092 1451//1092 1452//1092
f 1428//1093 1452//1093 1429//1093
f 1429//1093 1452//1093 1453//1093
f 1429//1094 1453//1094 1430//1094
f 1430//1095 1453//1095 1454//1095
f 1430//1096 1454//1096 1431//1096
f 1431//1096 1454//1096 1455//1096
f 1431//1097 1455//1097 1432//1097
f 1432//1098 1455//1098 1456//1098
f 1432//1099 1456//1099 1433//1099
f 1433//1099 1456//1099 1457//1099
f 1433//1100 1457//1100 1434//1100
f 1434//1100 1457//1100 1458//1100
f 1434//1101 1458//1101 1435//1101
f 1435//1101 1458//1101 1459//1101
f 1435//1102 1459//1102 1436//1102
f 1436//1102 1459//1102 1460//1102
f 1436//1103 1460//1103 1437//1103
f 1437//1103 1460//1103 1461//1103
f 1437//1104 1461//1104 1438//1104
f 1438//1104 1461//1104 1462//1104
f 1438//1105 1462//1105 1439//1105
f 1439//1105 1462//1105 1463//1105
f 1439//1106 1463//1106 1440//1106
f 1440//1106 1463//1106 1464//1106
f 1440//1107 1464//1107 1294//1107
f 1294//1107 1464//1107 1295//1107
f 1294//1108 1295//1108 1245//1108
f 1245//1109 1295//1109 1246//1109
f 1271//1110 1264//1110 1272//1110
f 1272//1111 1264//1111 1266//1111
f 1272//1112 1266//1112 1441//1112
f 1441//1112 1266//1112 1465//1112
f 1441//1113 1465//1113 1442//1113
f 1442//1113 1465//1113 1466//1113
f 1442//1114 1466//1114 1443//1114
f 1443//1114 1466//1114 1467//1114
f 1443//1115 1467//1115 1444//1115
f 1444//1115 1467//1115 1468//1115
f 1444//1116 1468//1116 1445//1116
f 1445//1116 1468//1116 1469//1116
f 1445//1117 1469//1117 1446//1117
f 1446//1117 1469//1117 1470//1117
f 1446//1118 1470//1118 1447//1118
f 1447//1118 1470//1118 1471//1118
f 1447//1119 1471//1119 1448//1119
f 1448//1119 1471//1119 1472//1119
f 1448//1120 1472//1120 1449//1120
f 1449//1121 1472//1121 1473//1121
f 1449//1122 1473//1122 1450//1122
f 1450//1122 1473//1122 1474//1122
f 1450//1123 1474//1123 1451//1123
f 1451//1124 1474//1124 1475//1124
f 1451//1125 1475//1125 1452//1125
f 1452//1125 1475//1125 1476//1125
f 1452//1126 1476//1126 1453//1126
f 1453//1126 1476//1126 1477//1126
f 1453//1127 1477//1127 1454//1127
f 1454//1127 1477//1127 1478//1127
f 1454//1128 1478//1128 1455//1128
f 1455//1129 1478//1129 1479//1129
f 1455//1130 1479//1130 1456//1130
f 1456//1130 1479//1130 1480//1130
f 1456//1131 1480//1131 1457//1131
f 1457//1132 1480//1132 1481//1132
f 1457//1133 1481//1133 1458//1133
f 1458//1134 1481//1134 1482//1134
f 1458//1135 1482//1135 1459//1135
f 1459//1135 1482//1135 1483//1135
f 1459//1136 1483//1136 1460//1136
f 1460//1136 1483//1136 1484//1136
f 1460//1137 1484//1137 1461//1137
f 1461//1137 1484//1137 1485//1137
f 1461//1138 1485//1138 1462//1138
f 1462//1138 1485//1138 1486//1138
f 1462//1139 1486//1139 1463//1139
f 1463//1139 1486//1139 1487//1139
f 1463//1140 1487//1140 1464//1140
f 1464//1140 1487//1140 1488//1140
f 1464//1141 1488//1141 1295//1141
f 1295//1141 1488//1141 1296//1141
f 1295//1142 1296//1142 1238//1142
f 1238//1143 1296//1143 1239//1143
f 1269//1144 1263//1144 1266//1144
f 1266//1145 1263//1145 1211//1145
f 1266//1146 1211//1146 1465//1146
f 1465//1146 1211//1146 1215//1146
f 1465//1147 1215//1147 1466//1147
f 1466//1147 1215//1147 1214//1147
f 1466//1148 1214//1148 1467//1148
f 1467//1148 1214//1148 1213//1148
f 1467//1149 1213//1149 1468//1149
f 1468//1149 1213//1149 1212//1149
f 1468//1150 1212//1150 1469//1150
f 1469//1150 1212//1150 1231//1150
f 1469//1151 1231//1151 1470//1151
f 1470//1151 1231//1151 1230//1151
f 1470//1152 1230//1152 1471//1152
f 1471//1152 1230//1152 1229//1152
f 1471//1153 1229//1153 1472//1153
f 1472//1153 1229//1153 1228//1153
f 1472//1154 1228//1154 1473//1154
f 1473//1154 1228//1154 1227//1154
f 1473//1155 1227//1155 1474//1155
f 1474//1155 1227//1155 1226//1155
f 1474//1156 1226//1156 1475//1156
f 1475//1156 1226//1156 1225//1156
f 1475//1157 1225//1157 1476//1157
f 1476//1157 1225//1157 1224//1157
f 1476//1158 1224//1158 1477//1158
f 1477//1158 1224//1158 1236//1158
f 1477//1159 1236//1159 1478//1159
f 1478//1159 1236//1159 1235//1159
f 1478//1160 1235//1160 1479//1160
f 1479//1160 1235//1160 1234//1160
f 1479//1161 1234//1161 1480//1161
f 1480//1161 1234//1161 1233//1161
f 1480//1162 1233//1162 1481//1162
f 1481//1162 1233//1162 1232//1162
f 1481//1163 1232//1163 1482//1163
f 1482//1163 1232//1163 1223//1163
f 1482//1164 1223//1164 1483//1164
f 1483//1164 1223//1164 1222//1164
f 1483//1165 1222//1165 1484//1165
f 1484//1165 1222//1165 1221//1165
f 1484//1166 1221//1166 1485//1166
f 1485//1166 1221//1166 1220//1166
f 1485//1167 1220//1167 1486//1167
f 1486//1168 1220//1168 1219//1168
f 1486//1169 1219//1169 1487//1169
f 1487//1169 1219//1169 1218//1169
f 1487//1170 1218//1170 1488//1170
f 1488//1170 1218//1170 1217//1170
f 1488//1171 1217//1171 1296//1171
f 1296//1171 1217//1171 1216//1171
f 1296//1172 1216//1172 1237//1172
f 1237//1173 1216//1173 1210//1173
f 1205//1174 227//1174 1291//1174
f 1291//1175 227//1175 226//1175
f 220//1176 1289//1176 226//1176
f 226//1177 1289//1177 1288//1177
f 226//1178 1288//1178 1291//1178
f 219//1179 1286//1179 220//1179
f 220//1180 1286//1180 1285//1180
f 220//1181 1285//1181 1289//1181
f 218//1182 1283//1182 219//1182
f 219//1183 1283//1183 1282//1183
f 219//1184 1282//1184 1286//1184
f 217//1185 1278//1185 218//1185
f 218//1186 1278//1186 1281//1186
f 218//1187 1281//1187 1283//1187
f 1276//1188 1274//1188 216//1188
f 216//1189 1274//1189 1273//1189
f 216//1190 1273//1190 217//1190
f 217//1191 1273//1191 1279//1191
f 217//1192 1279//1192 1278//1192
f 1276//1193 216//1193 1277//1193
f 1277//1194 216//1194 215//1194
f 1277//1195 215//1195 1270//1195
f 1267//1196 1265//1196 214//1196
f 214//1197 1265//1197 1264//1197
f 214//1198 1264//1198 215//1198
f 215//1199 1264//1199 1271//1199
f 215//1200 1271//1200 1270//1200
f 1166//1201 1263//1201 212//1201
f 212//1202 1263//1202 1269//1202
f 212//1203 1269//1203 214//1203
f 214//1204 1269//1204 1268//1204
f 214//1205 1268//1205 1267//1205
f 448//1206 139//1206 1489//1206
f 1489//1207 139//1207 185//1207
f 1489//162 185//162 1490//162
f 1490//1208 185//1208 1491//1208
f 1491//1209 185//1209 187//1209
f 1491//1210 187//1210 1492//1210
f 1492//1211 187//1211 1493//1211
f 1493//1212 187//1212 186//1212
f 1493//688 186//688 1494//688
f 1494//1213 186//1213 1495//1213
f 1495//1214 186//1214 184//1214
f 1495//1215 184//1215 1496//1215
f 1496//352 184//352 183//352
f 1496//352 183//352 1497//352
f 1497//692 183//692 171//692
f 1497//692 171//692 1498//692
f 1498//696 171//696 172//696
f 1498//696 172//696 1499//696
f 1499//693 172//693 173//693
f 1499//693 173//693 1500//693
f 1500//701 173//701 182//701
f 1500//701 182//701 188//701
f 496//1216 448//1216 1501//1216
f 1501//1216 448//1216 1489//1216
f 1501//1217 1489//1217 1502//1217
f 1502//1217 1489//1217 1490//1217
f 1502//1218 1490//1218 1503//1218
f 1503//1218 1490//1218 1491//1218
f 1503//1219 1491//1219 1504//1219
f 1504//1219 1491//1219 1492//1219
f 1504//1220 1492//1220 1505//1220
f 1492//1220 1493//1220 1505//1220
f 1505//1221 1493//1221 1494//1221
f 1505//1222 1494//1222 1506//1222
f 1506//1223 1494//1223 1507//1223
f 1494//1224 1495//1224 1507//1224
f 1507//1225 1495//1225 1496//1225
f 1507//1225 1496//1225 1508//1225
f 1508//244 1496//244 1497//244
f 1508//244 1497//244 1509//244
f 1509//243 1497//243 1498//243
f 1509//242 1498//242 1510//242
f 1510//241 1498//241 1499//241
f 1510//241 1499//241 1511//241
f 1511//240 1499//240 1500//240
f 1511//240 1500//240 1512//240
f 1512//239 1500//239 188//239
f 1512//239 188//239 190//239
f 190//137 195//137 667//137
f 190//137 667//137 1512//137
f 1512//130 667//130 666//130
f 1512//130 666//130 1511//130
f 1511//133 666//133 659//133
f 1511//133 659//133 1510//133
f 1510//124 659//124 658//124
f 1510//124 658//124 1509//124
f 1509//127 658//127 673//127
f 1509//127 673//127 1508//127
f 672//1226 671//1226 1504//1226
f 1504//1227 1505//1227 672//1227
f 672//1228 1505//1228 1506//1228
f 672//334 1506//334 673//334
f 673//1229 1506//1229 1507//1229
f 673//1230 1507//1230 1508//1230
f 670//326 657//326 496//326
f 496//1231 1501//1231 670//1231
f 670//1232 1501//1232 1502//1232
f 670//1233 1502//1233 671//1233
f 671//1234 1502//1234 1503//1234
f 671//117 1503//117 1504//117
f 192//137 142//137 165//137
f 192//137 165//137 1513//137
f 1513//130 165//130 164//130
f 1513//130 164//130 1514//130
f 1514//133 164//133 152//133
f 1514//133 152//133 1515//133
f 1515//124 152//124 151//124
f 1515//124 151//124 1516//124
f 1516//127 151//127 158//127
f 1516//127 158//127 1517//127
f 157//1226 156//1226 1518//1226
f 1518//1235 1519//1235 157//1235
f 157//1228 1519//1228 1520//1228
f 157//334 1520//334 158//334
f 158//1229 1520//1229 1521//1229
f 158//1230 1521//1230 1517//1230
f 174//326 144//326 132//326
f 132//1236 1522//1236 174//1236
f 174//1232 1522//1232 1523//1232
f 174//1233 1523//1233 156//1233
f 156//1234 1523//1234 1524//1234
f 156//117 1524//117 1518//117
f 1525//1221 1526//1221 1519//1221
f 193//239 192//239 1513//239
f 193//238 1513//238 1527//238
f 1527//240 1513//240 1514//240
f 1527//240 1514//240 1528//240
f 1528//241 1514//241 1515//241
f 1528//241 1515//241 1529//241
f 1529//242 1515//242 1516//242
f 1529//1237 1516//1237 1530//1237
f 1530//244 1516//244 1517//244
f 1530//244 1517//244 1531//244
f 1531//1225 1517//1225 1521//1225
f 1531//1225 1521//1225 1532//1225
f 1532//1223 1521//1223 1526//1223
f 1526//1223 1521//1223 1520//1223
f 1526//1222 1520//1222 1519//1222
f 1525//1220 1519//1220 1533//1220
f 1533//1220 1519//1220 1518//1220
f 1533//1219 1518//1219 1524//1219
f 132//1216 131//1216 1522//1216
f 1522//1216 131//1216 1534//1216
f 1522//1217 1534//1217 1523//1217
f 1523//1217 1534//1217 1535//1217
f 1523//1218 1535//1218 1524//1218
f 1524//1218 1535//1218 1536//1218
f 1524//1219 1536//1219 1533//1219
f 131//164 656//164 1534//164
f 1534//1238 656//1238 669//1238
f 1534//1239 669//1239 1535//1239
f 1535//1208 669//1208 1536//1208
f 1536//1209 669//1209 665//1209
f 1536//1210 665//1210 1533//1210
f 1533//1240 665//1240 1525//1240
f 1525//1212 665//1212 664//1212
f 1525//688 664//688 1526//688
f 1526//1213 664//1213 1532//1213
f 1532//1241 664//1241 663//1241
f 1532//1215 663//1215 1531//1215
f 1531//352 663//352 668//352
f 1531//352 668//352 1530//352
f 1530//692 668//692 662//692
f 1530//692 662//692 1529//692
f 1529//696 662//696 661//696
f 1529//696 661//696 1528//696
f 1528//693 661//693 660//693
f 1528//693 660//693 1527//693
f 1527//701 660//701 194//701
f 1527//701 194//701 193//701
f 150//1242 381//1242 148//1242
f 148//1242 381//1242 383//1242
f 148//1242 383//1242 385//1242
f 178//107 381//107 150//107
f 160//106 148//106 385//106
f 959//1243 246//1243 960//1243
f 960//1243 246//1243 248//1243
f 960//1244 248//1244 961//1244
f 961//1244 248//1244 250//1244
f 961//1245 250//1245 962//1245
f 962//1246 250//1246 252//1246
f 962//1247 252//1247 963//1247
f 963//1247 252//1247 254//1247
f 963//1248 254//1248 964//1248
f 964//1249 254//1249 256//1249
f 964//1250 256//1250 965//1250
f 965//1250 256//1250 258//1250
f 965//1251 258//1251 966//1251
f 966//1251 258//1251 203//1251
f 966//1252 203//1252 967//1252
f 967//1252 203//1252 202//1252
f 967//1253 202//1253 968//1253
f 968//1253 202//1253 208//1253
f 968//1254 208//1254 969//1254
f 969//1254 208//1254 198//1254
f 969//1255 198//1255 970//1255
f 970//1255 198//1255 199//1255
f 970//1256 199//1256 971//1256
f 971//1257 199//1257 200//1257
f 971//1258 200//1258 972//1258
f 972//1258 200//1258 267//1258
f 972//1259 267//1259 973//1259
f 973//1260 267//1260 266//1260
f 973//1261 266//1261 974//1261
f 974//1261 266//1261 265//1261
f 974//1262 265//1262 975//1262
f 975//1262 265//1262 264//1262
f 975//1263 264//1263 976//1263
f 976//1263 264//1263 263//1263
f 976//1264 263//1264 977//1264
f 977//1264 263//1264 261//1264
f 977//1265 261//1265 978//1265
f 978//1265 261//1265 271//1265
f 978//1266 271//1266 979//1266
f 979//1266 271//1266 270//1266
f 979//1267 270//1267 980//1267
f 980//1268 270//1268 269//1268
f 980//1269 269//1269 981//1269
f 981//1269 269//1269 268//1269
f 981//1270 268//1270 982//1270
f 982//1270 268//1270 209//1270
f 982//1271 209//1271 983//1271
f 983//1271 209//1271 210//1271
f 983//1272 210//1272 984//1272
f 984//1272 210//1272 211//1272
f 984//1273 211//1273 985//1273
f 985//1273 211//1273 213//1273
f 985//1274 213//1274 986//1274
f 986//1274 213//1274 228//1274
f 986//1275 228//1275 987//1275
f 987//1275 228//1275 230//1275
f 987//1276 230//1276 988//1276
f 988//1276 230//1276 232//1276
f 988//1277 232//1277 989//1277
f 989//1277 232//1277 234//1277
f 989//1278 234//1278 990//1278
f 990//1279 234//1279 236//1279
f 990//1280 236//1280 991//1280
f 991//1281 236//1281 238//1281
f 991//1282 238//1282 992//1282
f 992//1282 238//1282 240//1282
f 992//1283 240//1283 993//1283
f 993//1283 240//1283 242//1283
f 993//1284 242//1284 958//1284
f 958//1284 242//1284 244//1284
f 958//1285 244//1285 959//1285
f 959//1285 244//1285 246//1285
f 1116//538 305//538 1117//538
f 1117//538 305//538 304//538
f 1117//539 304//539 1118//539
f 1118//539 304//539 303//539
f 1118//540 303//540 1119//540
f 1119//540 303//540 302//540
f 1119//541 302//541 1120//541
f 1120//541 302//541 298//541
f 1120//542 298//542 1121//542
f 1121//542 298//542 297//542
f 1121//543 297//543 1122//543
f 1122//543 297//543 301//543
f 1122//544 301//544 1123//544
f 1123//544 301//544 300//544
f 1123//545 300//545 1124//545
f 1124//545 300//545 299//545
f 1124//546 299//546 1125//546
f 1125//546 299//546 296//546
f 1125//547 296//547 1126//547
f 1126//547 296//547 295//547
f 1126//548 295//548 1127//548
f 1127//548 295//548 294//548
f 1127//549 294//549 1128//549
f 1128//549 294//549 272//549
f 1128//550 272//550 1129//550
f 1129//550 272//550 286//550
f 1129//551 286//551 1032//551
f 1032//551 286//551 287//551
f 1032//552 287//552 1043//552
f 1043//552 287//552 288//552
f 1043//553 288//553 1046//553
f 1046//553 288//553 289//553
f 1046//554 289//554 1057//554
f 1057//554 289//554 290//554
f 1057//555 290//555 1054//555
f 1054//555 290//555 291//555
f 1054//556 291//556 1062//556
f 1062//556 291//556 292//556
f 1062//557 292//557 1072//557
f 1072//557 292//557 293//557
f 1072//558 293//558 1101//558
f 1101//558 293//558 279//558
f 1101//559 279//559 1102//559
f 1102//559 279//559 280//559
f 1102//561 280//561 1103//561
f 1103//561 280//561 281//561
f 1103//562 281//562 1104//562
f 1104//562 281//562 282//562
f 1104//563 282//563 1105//563
f 1105//563 282//563 283//563
f 1105//564 283//564 1106//564
f 1106//564 283//564 284//564
f 1106//565 284//565 1107//565
f 1107//565 284//565 285//565
f 1107//566 285//566 1108//566
f 1108//566 285//566 275//566
f 1108//567 275//567 1109//567
f 1109//567 275//567 274//567
f 1109//568 274//568 1110//568
f 1110//568 274//568 273//568
f 1110//570 273//570 1111//570
f 1111//570 273//570 278//570
f 1111//571 278//571 1112//571
f 1112//571 278//571 277//571
f 1112//572 277//572 1113//572
f 1113//572 277//572 276//572
f 1113//573 276//573 1114//573
f 1114//573 276//573 307//573
f 1114//574 307//574 1115//574
f 1115//574 307//574 306//574
f 1115//575 306//575 1116//575
f 1116//575 306//575 305//575
f 1131//104 1537//104 1133//104
f 1133//104 1537//104 1538//104
f 1133//104 1538//104 1134//104
f 1134//104 1538//104 1539//104
f 1134//104 1539//104 1135//104
f 1135//104 1539//104 1540//104
f 1135//104 1540//104 1136//104
f 1136//104 1540//104 1541//104
f 1136//104 1541//104 1137//104
f 1137//104 1541//104 1542//104
f 1137//104 1542//104 1138//104
f 1138//104 1542//104 1543//104
f 1138//104 1543//104 1130//104
f 1130//104 1543//104 1544//104
f 1130//104 1544//104 1139//104
f 1139//104 1544//104 1545//104
f 1139//104 1545//104 1140//104
f 1140//104 1545//104 1546//104
f 1140//104 1546//104 1141//104
f 1141//104 1546//104 1547//104
f 1141//104 1547//104 1142//104
f 1142//104 1547//104 1548//104
f 1142//104 1548//104 1143//104
f 1143//104 1548//104 1549//104
f 1143//104 1549//104 1144//104
f 1144//104 1549//104 1550//104
f 1144//104 1550//104 1145//104
f 1145//104 1550//104 1551//104
f 1145//104 1551//104 1146//104
f 1146//104 1551//104 1552//104
f 1146//104 1552//104 1147//104
f 1147//104 1552//104 1553//104
f 1147//104 1553//104 1148//104
f 1148//104 1553//104 1554//104
f 1148//104 1554//104 1149//104
f 1149//104 1554//104 1555//104
f 1149//104 1555//104 1150//104
f 1150//104 1555//104 1556//104
f 1150//104 1556//104 1151//104
f 1151//104 1556//104 1557//104
f 1151//104 1557//104 1152//104
f 1152//104 1557//104 1558//104
f 1152//1286 1558//1286 1153//1286
f 1153//104 1558//104 1559//104
f 1153//104 1559//104 1154//104
f 1154//104 1559//104 1560//104
f 1154//104 1560//104 1155//104
f 1155//104 1560//104 1561//104
f 1155//104 1561//104 1156//104
f 1156//104 1561//104 1562//104
f 1156//104 1562//104 1158//104
f 1158//104 1562//104 1563//104
f 1158//104 1563//104 1157//104
f 1157//104 1563//104 1564//104
f 1157//104 1564//104 1159//104
f 1159//104 1564//104 1565//104
f 1159//104 1565//104 1162//104
f 1162//104 1565//104 1566//104
f 1162//104 1566//104 1161//104
f 1161//104 1566//104 1567//104
f 1161//104 1567//104 1160//104
f 1160//1287 1567//1287 1568//1287
f 1160//104 1568//104 1163//104
f 1163//104 1568//104 1569//104
f 1163//104 1569//104 1164//104
f 1164//104 1569//104 1570//104
f 1164//104 1570//104 1165//104
f 1165//104 1570//104 1571//104
f 1165//104 1571//104 1132//104
f 1132//104 1571//104 1572//104
f 1132//104 1572//104 1131//104
f 1131//104 1572//104 1537//104
f 1563//137 345//137 1564//137
f 1564//137 345//137 346//137
f 1564//130 346//130 1565//130
f 1565//130 346//130 347//130
f 1565//133 347//133 1566//133
f 1566//133 347//133 348//133
f 1566//124 348//124 1567//124
f 1567//124 348//124 349//124
f 1567//127 349//127 1568//127
f 1568//127 349//127 350//127
f 1568//334 350//334 1569//334
f 1569//334 350//334 351//334
f 1569//1226 351//1226 1570//1226
f 1570//1226 351//1226 352//1226
f 1570//1233 352//1233 1571//1233
f 1571//1233 352//1233 353//1233
f 1571//326 353//326 1572//326
f 1572//326 353//326 354//326
f 1572//237 354//237 1537//237
f 1537//237 354//237 355//237
f 1537//236 355//236 1538//236
f 1538//236 355//236 356//236
f 1538//235 356//235 1539//235
f 1539//235 356//235 357//235
f 1539//234 357//234 1540//234
f 1540//234 357//234 358//234
f 1540//233 358//233 1541//233
f 1541//233 358//233 359//233
f 1541//232 359//232 1542//232
f 1542//232 359//232 360//232
f 1542//231 360//231 1543//231
f 1543//231 360//231 361//231
f 1543//230 361//230 1544//230
f 1544//230 361//230 362//230
f 1544//222 362//222 1545//222
f 1545//222 362//222 363//222
f 1545//191 363//191 1546//191
f 1546//191 363//191 364//191
f 1546//183 364//183 1547//183
f 1547//183 364//183 365//183
f 1547//186 365//186 1548//186
f 1548//186 365//186 366//186
f 1548//177 366//177 1549//177
f 1549//177 366//177 367//177
f 1549//180 367//180 1550//180
f 1550//180 367//180 368//180
f 1550//226 368//226 1551//226
f 1551//226 368//226 369//226
f 1551//227 369//227 1552//227
f 1552//227 369//227 370//227
f 1552//228 370//228 1553//228
f 1553//228 370//228 371//228
f 1553//229 371//229 1554//229
f 1554//229 371//229 372//229
f 1554//1288 372//1288 1555//1288
f 1555//1288 372//1288 373//1288
f 1555//1289 373//1289 1556//1289
f 1556//1289 373//1289 374//1289
f 1556//1290 374//1290 1557//1290
f 1557//1290 374//1290 375//1290
f 1557//351 375//351 1558//351
f 1558//351 375//351 376//351
f 1558//352 376//352 1559//352
f 1559//352 376//352 377//352
f 1559//692 377//692 1560//692
f 1560//692 377//692 378//692
f 1560//696 378//696 1561//696
f 1561//696 378//696 379//696
f 1561//693 379//693 1562//693
f 1562//693 379//693 344//693
f 1562//701 344//701 1563//701
f 1563//701 344//701 345//701
f 720//105 1573//105 723//105
f 723//105 1573//105 1574//105
f 723//105 1574//105 730//105
f 730//105 1574//105 1575//105
f 730//105 1575//105 732//105
f 732//105 1575//105 1576//105
f 732//105 1576//105 735//105
f 735//105 1576//105 1577//105
f 735//105 1577//105 738//105
f 738//105 1577//105 1578//105
f 738//105 1578//105 740//105
f 740//105 1578//105 1579//105
f 740//105 1579//105 742//105
f 742//105 1579//105 1580//105
f 742//105 1580//105 745//105
f 745//105 1580//105 1581//105
f 745//105 1581//105 746//105
f 746//105 1581//105 1582//105
f 746//105 1582//105 753//105
f 753//105 1582//105 1583//105
f 753//105 1583//105 751//105
f 751//105 1583//105 1584//105
f 751//105 1584//105 756//105
f 756//105 1584//105 1585//105
f 756//105 1585//105 759//105
f 759//105 1585//105 1586//105
f 759//105 1586//105 766//105
f 766//105 1586//105 1587//105
f 766//105 1587//105 764//105
f 764//105 1587//105 1588//105
f 764//105 1588//105 762//105
f 762//105 1588//105 1589//105
f 762//105 1589//105 769//105
f 769//105 1589//105 1590//105
f 769//105 1590//105 772//105
f 772//105 1590//105 1591//105
f 772//105 1591//105 674//105
f 674//105 1591//105 1592//105
f 674//105 1592//105 678//105
f 678//105 1592//105 1593//105
f 678//105 1593//105 680//105
f 680//105 1593//105 1594//105
f 680//105 1594//105 683//105
f 683//105 1594//105 1595//105
f 683//105 1595//105 686//105
f 686//105 1595//105 1596//105
f 686//105 1596//105 688//105
f 688//105 1596//105 1597//105
f 688//105 1597//105 690//105
f 690//105 1597//105 1598//105
f 690//105 1598//105 693//105
f 693//105 1598//105 1599//105
f 693//105 1599//105 694//105
f 694//105 1599//105 1600//105
f 694//105 1600//105 701//105
f 701//105 1600//105 1601//105
f 701//105 1601//105 699//105
f 699//105 1601//105 1602//105
f 699//105 1602//105 704//105
f 704//105 1602//105 1603//105
f 704//105 1603//105 707//105
f 707//105 1603//105 1604//105
f 707//105 1604//105 714//105
f 714//105 1604//105 1605//105
f 714//105 1605//105 712//105
f 712//105 1605//105 1606//105
f 712//105 1606//105 710//105
f 710//105 1606//105 1607//105
f 710//105 1607//105 717//105
f 717//105 1607//105 1608//105
f 717//105 1608//105 720//105
f 720//105 1608//105 1573//105
f 1601//222 436//222 1602//222
f 1602//222 436//222 435//222
f 1602//230 435//230 1603//230
f 1603//230 435//230 405//230
f 1603//231 405//231 1604//231
f 1604//231 405//231 404//231
f 1604//232 404//232 1605//232
f 1605//232 404//232 403//232
f 1605//233 403//233 1606//233
f 1606//233 403//233 402//233
f 1606//234 402//234 1607//234
f 1607//234 402//234 434//234
f 1607//235 434//235 1608//235
f 1608//235 434//235 433//235
f 1608//236 433//236 1573//236
f 1573//236 433//236 432//236
f 1573//237 432//237 1574//237
f 1574//237 432//237 412//237
f 1574//326 412//326 1575//326
f 1575//326 412//326 413//326
f 1575//1233 413//1233 1576//1233
f 1576//1233 413//1233 414//1233
f 1576//1226 414//1226 1577//1226
f 1577//1226 414//1226 415//1226
f 1577//334 415//334 1578//334
f 1578//334 415//334 416//334
f 1578//127 416//127 1579//127
f 1579//127 416//127 417//127
f 1579//124 417//124 1580//124
f 1580//124 417//124 418//124
f 1580//133 418//133 1581//133
f 1581//133 418//133 419//133
f 1581//130 419//130 1582//130
f 1582//130 419//130 420//130
f 1582//137 420//137 1583//137
f 1583//137 420//137 421//137
f 1583//701 421//701 1584//701
f 1584//701 421//701 422//701
f 1584//693 422//693 1585//693
f 1585//693 422//693 423//693
f 1585//696 423//696 1586//696
f 1586//696 423//696 424//696
f 1586//692 424//692 1587//692
f 1587//692 424//692 425//692
f 1587//352 425//352 1588//352
f 1588//352 425//352 426//352
f 1588//351 426//351 1589//351
f 1589//351 426//351 427//351
f 1589//1290 427//1290 1590//1290
f 1590//1290 427//1290 428//1290
f 1590//1289 428//1289 1591//1289
f 1591//1289 428//1289 429//1289
f 1591//1288 429//1288 1592//1288
f 1592//1288 429//1288 430//1288
f 1592//229 430//229 1593//229
f 1593//229 430//229 431//229
f 1593//228 431//228 1594//228
f 1594//228 431//228 409//228
f 1594//227 409//227 1595//227
f 1595//227 409//227 410//227
f 1595//226 410//226 1596//226
f 1596//226 410//226 411//226
f 1596//180 411//180 1597//180
f 1597//180 411//180 408//180
f 1597//177 408//177 1598//177
f 1598//177 408//177 407//177
f 1598//186 407//186 1599//186
f 1599//186 407//186 406//186
f 1599//183 406//183 1600//183
f 1600//183 406//183 437//183
f 1600//191 437//191 1601//191
f 1601//191 437//191 436//191
